Date,Visitor,G,Home,G,OT/SO,Attendance,Length of Game
10/7/2015,Vancouver Canucks,5,Calgary Flames,1,,19289,152
10/7/2015,New York Rangers,3,Chicago Blackhawks,2,,22104,148
10/7/2015,San Jose Sharks,5,Los Angeles Kings,1,,18230,160
10/7/2015,Montreal Canadiens,3,Toronto Maple Leafs,1,,19241,156
10/8/2015,Winnipeg Jets,6,Boston Bruins,2,,17565,146
10/8/2015,Ottawa Senators,3,Buffalo Sabres,1,,19070,157
10/8/2015,Minnesota Wild,5,Colorado Avalanche,4,,18007,156
10/8/2015,Pittsburgh Penguins,0,Dallas Stars,3,,18532,161
10/8/2015,Carolina Hurricanes,1,Nashville Predators,2,,17204,145
10/8/2015,Edmonton Oilers,1,St. Louis Blues,3,,19327,145
10/8/2015,Philadelphia Flyers,2,Tampa Bay Lightning,3,OT,19092,154
10/9/2015,New York Rangers,4,Columbus Blue Jackets,2,,19027,151
10/9/2015,Toronto Maple Leafs,0,Detroit Red Wings,4,,20027,153
10/9/2015,Arizona Coyotes,4,Los Angeles Kings,1,,18230,147
10/9/2015,Winnipeg Jets,3,New Jersey Devils,1,,14579,146
10/9/2015,Chicago Blackhawks,3,New York Islanders,2,OT,15795,157
10/10/2015,Pittsburgh Penguins,1,Arizona Coyotes,2,,17125,150
10/10/2015,Montreal Canadiens,4,Boston Bruins,2,,17565,170
10/10/2015,Tampa Bay Lightning,4,Buffalo Sabres,1,,17739,147
10/10/2015,Detroit Red Wings,4,Carolina Hurricanes,3,,18949,149
10/10/2015,New York Islanders,1,Chicago Blackhawks,4,,21392,143
10/10/2015,Dallas Stars,3,Colorado Avalanche,6,,16024,151
10/10/2015,Philadelphia Flyers,1,Florida Panthers,7,,19434,157
10/10/2015,St. Louis Blues,2,Minnesota Wild,3,,19096,147
10/10/2015,Edmonton Oilers,0,Nashville Predators,2,,17113,152
10/10/2015,Columbus Blue Jackets,2,New York Rangers,5,,18006,153
10/10/2015,Anaheim Ducks,0,San Jose Sharks,2,,17562,145
10/10/2015,Ottawa Senators,5,Toronto Maple Leafs,4,SO,19187,173
10/10/2015,Calgary Flames,3,Vancouver Canucks,2,OT,18570,156
10/10/2015,New Jersey Devils,3,Washington Capitals,5,,18506,155
10/11/2015,Montreal Canadiens,3,Ottawa Senators,1,,19177,160
10/12/2015,Vancouver Canucks,2,Anaheim Ducks,1,SO,17174,145
10/12/2015,Tampa Bay Lightning,6,Boston Bruins,3,,17565,150
10/12/2015,Columbus Blue Jackets,2,Buffalo Sabres,4,,18075,147
10/12/2015,Winnipeg Jets,2,New York Islanders,4,,11183,157
10/12/2015,Florida Panthers,0,Philadelphia Flyers,1,,19769,149
10/13/2015,Florida Panthers,4,Carolina Hurricanes,1,,10901,134
10/13/2015,St. Louis Blues,4,Calgary Flames,3,,18632,143
10/13/2015,Edmonton Oilers,2,Dallas Stars,4,,16265,150
10/13/2015,Tampa Bay Lightning,1,Detroit Red Wings,3,,20027,147
10/13/2015,Vancouver Canucks,3,Los Angeles Kings,0,,18230,143
10/13/2015,Nashville Predators,3,New Jersey Devils,1,,11117,147
10/13/2015,Winnipeg Jets,4,New York Rangers,1,,18006,143
10/13/2015,Montreal Canadiens,3,Pittsburgh Penguins,2,,18626,143
10/13/2015,San Jose Sharks,5,Washington Capitals,0,,18506,153
10/14/2015,Arizona Coyotes,4,Anaheim Ducks,0,,15172,153
10/14/2015,Ottawa Senators,7,Columbus Blue Jackets,3,,13803,151
10/14/2015,Boston Bruins,6,Colorado Avalanche,2,,15082,137
10/14/2015,Chicago Blackhawks,0,Philadelphia Flyers,3,,19779,145
10/15/2015,Minnesota Wild,4,Arizona Coyotes,3,,12029,164
10/15/2015,St. Louis Blues,4,Edmonton Oilers,2,,16839,147
10/15/2015,Buffalo Sabres,2,Florida Panthers,3,,11616,156
10/15/2015,New York Rangers,0,Montreal Canadiens,3,,21288,157
10/15/2015,Nashville Predators,3,New York Islanders,4,,10542,152
10/15/2015,Ottawa Senators,0,Pittsburgh Penguins,2,,18486,149
10/15/2015,Dallas Stars,5,Tampa Bay Lightning,3,,19092,151
10/15/2015,Chicago Blackhawks,1,Washington Capitals,4,,18506,137
10/16/2015,Colorado Avalanche,3,Anaheim Ducks,0,,17174,149
10/16/2015,Toronto Maple Leafs,6,Columbus Blue Jackets,3,,13885,157
10/16/2015,Carolina Hurricanes,5,Detroit Red Wings,3,,20027,142
10/16/2015,Minnesota Wild,1,Los Angeles Kings,2,OT,18230,154
10/16/2015,San Jose Sharks,2,New Jersey Devils,1,SO,12464,157
10/16/2015,St. Louis Blues,4,Vancouver Canucks,3,,18362,144
10/16/2015,Calgary Flames,1,Winnipeg Jets,3,,15294,148
10/17/2015,Boston Bruins,5,Arizona Coyotes,3,,13411,155
10/17/2015,Edmonton Oilers,5,Calgary Flames,2,,19289,156
10/17/2015,Columbus Blue Jackets,1,Chicago Blackhawks,4,,21563,139
10/17/2015,Dallas Stars,4,Florida Panthers,2,,12834,150
10/17/2015,Detroit Red Wings,1,Montreal Canadiens,4,,21288,155
10/17/2015,San Jose Sharks,3,New York Islanders,6,,11577,157
10/17/2015,Nashville Predators,4,Ottawa Senators,3,SO,16895,170
10/17/2015,Toronto Maple Leafs,1,Pittsburgh Penguins,2,,18650,150
10/17/2015,Buffalo Sabres,1,Tampa Bay Lightning,2,,19092,147
10/17/2015,Carolina Hurricanes,1,Washington Capitals,4,,18506,146
10/18/2015,Minnesota Wild,1,Anaheim Ducks,4,,16784,154
10/18/2015,Colorado Avalanche,1,Los Angeles Kings,2,,18230,154
10/18/2015,New Jersey Devils,2,New York Rangers,1,OT,18006,143
10/18/2015,Edmonton Oilers,2,Vancouver Canucks,1,OT,18261,141
10/18/2015,St. Louis Blues,4,Winnipeg Jets,2,,15294,208
10/19/2015,San Jose Sharks,0,New York Rangers,4,,18006,139
10/20/2015,New York Islanders,4,Columbus Blue Jackets,0,,14295,148
10/20/2015,Washington Capitals,6,Calgary Flames,2,,18303,148
10/20/2015,St. Louis Blues,0,Montreal Canadiens,3,,21288,160
10/20/2015,Arizona Coyotes,2,New Jersey Devils,3,OT,12171,152
10/20/2015,Tampa Bay Lightning,4,Nashville Predators,5,SO,17113,163
10/20/2015,Dallas Stars,2,Philadelphia Flyers,1,,19077,155
10/20/2015,Florida Panthers,2,Pittsburgh Penguins,3,OT,18471,165
10/21/2015,Philadelphia Flyers,5,Boston Bruins,4,OT,17565,153
10/21/2015,Toronto Maple Leafs,1,Buffalo Sabres,2,SO,17762,167
10/21/2015,Carolina Hurricanes,1,Colorado Avalanche,0,OT,12826,144
10/21/2015,Detroit Red Wings,1,Edmonton Oilers,3,,16839,145
10/22/2015,Florida Panthers,2,Chicago Blackhawks,3,,21591,154
10/22/2015,Columbus Blue Jackets,2,Minnesota Wild,3,,18650,151
10/22/2015,Anaheim Ducks,1,Nashville Predators,5,,17113,148
10/22/2015,Arizona Coyotes,1,New York Rangers,4,,18006,158
10/22/2015,New Jersey Devils,5,Ottawa Senators,4,SO,16578,161
10/22/2015,Dallas Stars,4,Pittsburgh Penguins,1,,18490,152
10/22/2015,Los Angeles Kings,4,San Jose Sharks,1,,16797,159
10/22/2015,Washington Capitals,3,Vancouver Canucks,2,,18188,137
10/23/2015,Montreal Canadiens,7,Buffalo Sabres,2,,18214,148
10/23/2015,Detroit Red Wings,2,Calgary Flames,3,OT,19158,157
10/23/2015,Washington Capitals,7,Edmonton Oilers,4,,16839,148
10/23/2015,Carolina Hurricanes,0,Los Angeles Kings,3,,18230,151
10/23/2015,Boston Bruins,5,New York Islanders,3,,13113,165
10/23/2015,Tampa Bay Lightning,4,Winnipeg Jets,3,OT,15294,151
10/24/2015,New Jersey Devils,4,Buffalo Sabres,3,,18040,151
10/24/2015,Tampa Bay Lightning,0,Chicago Blackhawks,1,OT,21822,143
10/24/2015,Columbus Blue Jackets,4,Colorado Avalanche,3,,18007,150
10/24/2015,Florida Panthers,6,Dallas Stars,2,,18532,154
10/24/2015,Anaheim Ducks,0,Minnesota Wild,3,,19034,149
10/24/2015,Toronto Maple Leafs,3,Montreal Canadiens,5,,21288,163
10/24/2015,Pittsburgh Penguins,2,Nashville Predators,1,OT,17163,149
10/24/2015,Arizona Coyotes,4,Ottawa Senators,1,,17270,149
10/24/2015,New York Rangers,2,Philadelphia Flyers,3,SO,19805,172
10/24/2015,Carolina Hurricanes,2,San Jose Sharks,5,,15814,144
10/24/2015,New York Islanders,3,St. Louis Blues,2,OT,19186,151
10/24/2015,Detroit Red Wings,3,Vancouver Canucks,2,OT,18312,158
10/25/2015,Los Angeles Kings,3,Edmonton Oilers,2,,16839,147
10/25/2015,Calgary Flames,1,New York Rangers,4,,18006,138
10/25/2015,Minnesota Wild,4,Winnipeg Jets,5,,15294,154
10/26/2015,Anaheim Ducks,0,Chicago Blackhawks,1,OT,21529,156
10/26/2015,Calgary Flames,0,New York Islanders,4,,11582,146
10/26/2015,Arizona Coyotes,4,Toronto Maple Leafs,3,,18944,168
10/27/2015,Arizona Coyotes,0,Boston Bruins,6,,17565,154
10/27/2015,Anaheim Ducks,3,Dallas Stars,4,,17798,152
10/27/2015,Carolina Hurricanes,3,Detroit Red Wings,1,,20027,139
10/27/2015,Colorado Avalanche,1,Florida Panthers,4,,11694,146
10/27/2015,Edmonton Oilers,3,Minnesota Wild,4,,18936,143
10/27/2015,Columbus Blue Jackets,3,New Jersey Devils,1,,12847,137
10/27/2015,Buffalo Sabres,4,Philadelphia Flyers,3,OT,19432,157
10/27/2015,Tampa Bay Lightning,0,St. Louis Blues,2,,19184,144
10/27/2015,Montreal Canadiens,1,Vancouver Canucks,5,,18570,143
10/27/2015,Los Angeles Kings,4,Winnipeg Jets,1,,15294,140
10/28/2015,Calgary Flames,4,Ottawa Senators,5,SO,16923,173
10/28/2015,Nashville Predators,2,San Jose Sharks,1,,15219,144
10/28/2015,Pittsburgh Penguins,3,Washington Capitals,1,,18506,147
10/29/2015,Vancouver Canucks,3,Dallas Stars,4,OT,17664,152
10/29/2015,Montreal Canadiens,3,Edmonton Oilers,4,,16839,157
10/29/2015,Carolina Hurricanes,3,New York Islanders,2,OT,11494,151
10/29/2015,New Jersey Devils,4,Philadelphia Flyers,1,,19241,152
10/29/2015,Buffalo Sabres,3,Pittsburgh Penguins,4,,18415,148
10/29/2015,Anaheim Ducks,1,St. Louis Blues,2,,16904,150
10/29/2015,Colorado Avalanche,2,Tampa Bay Lightning,1,,19092,148
10/29/2015,Chicago Blackhawks,1,Winnipeg Jets,3,,15294,152
10/30/2015,Vancouver Canucks,4,Arizona Coyotes,3,,12166,142
10/30/2015,Philadelphia Flyers,1,Buffalo Sabres,3,,15962,157
10/30/2015,Colorado Avalanche,2,Carolina Hurricanes,3,,9345,142
10/30/2015,Montreal Canadiens,6,Calgary Flames,2,,19289,156
10/30/2015,Ottawa Senators,3,Detroit Red Wings,1,,20027,156
10/30/2015,Boston Bruins,3,Florida Panthers,1,,14112,150
10/30/2015,Chicago Blackhawks,4,Minnesota Wild,5,,19140,163
10/30/2015,Toronto Maple Leafs,1,New York Rangers,3,,18006,150
10/30/2015,Columbus Blue Jackets,1,Washington Capitals,2,,18506,147
10/31/2015,Winnipeg Jets,3,Columbus Blue Jackets,2,,12860,149
10/31/2015,San Jose Sharks,3,Dallas Stars,5,,18178,153
10/31/2015,Calgary Flames,5,Edmonton Oilers,4,,16839,159
10/31/2015,Washington Capitals,2,Florida Panthers,1,OT,11207,154
10/31/2015,Nashville Predators,3,Los Angeles Kings,4,OT,18230,149
10/31/2015,New York Islanders,2,New Jersey Devils,3,SO,11605,150
10/31/2015,Detroit Red Wings,5,Ottawa Senators,3,,16964,160
10/31/2015,Minnesota Wild,2,St. Louis Blues,3,OT,17728,181
10/31/2015,Boston Bruins,3,Tampa Bay Lightning,1,,19092,146
10/31/2015,Pittsburgh Penguins,4,Toronto Maple Leafs,0,,19197,150
11/1/2015,Nashville Predators,2,Anaheim Ducks,4,,16276,152
11/1/2015,Tampa Bay Lightning,4,Carolina Hurricanes,3,,9081,143
11/1/2015,San Jose Sharks,4,Colorado Avalanche,3,,17128,151
11/1/2015,Winnipeg Jets,1,Montreal Canadiens,5,,21288,151
11/1/2015,Buffalo Sabres,2,New York Islanders,1,,11278,138
11/2/2015,Los Angeles Kings,2,Chicago Blackhawks,4,,21534,148
11/2/2015,Dallas Stars,1,Toronto Maple Leafs,4,,19087,171
11/2/2015,Philadelphia Flyers,1,Vancouver Canucks,4,,18264,149
11/3/2015,Dallas Stars,5,Boston Bruins,3,,17565,153
11/3/2015,Calgary Flames,3,Colorado Avalanche,6,,14408,151
11/3/2015,Tampa Bay Lightning,1,Detroit Red Wings,2,,20027,152
11/3/2015,Philadelphia Flyers,2,Edmonton Oilers,4,,16839,148
11/3/2015,Ottawa Senators,2,Montreal Canadiens,1,OT,21288,152
11/3/2015,New Jersey Devils,1,New York Islanders,2,,12122,147
11/3/2015,Washington Capitals,2,New York Rangers,5,,18006,146
11/3/2015,Columbus Blue Jackets,5,San Jose Sharks,2,,15491,150
11/3/2015,Los Angeles Kings,3,St. Louis Blues,0,,17529,155
11/4/2015,Florida Panthers,2,Anaheim Ducks,3,SO,15169,169
11/4/2015,St. Louis Blues,6,Chicago Blackhawks,5,OT,21676,165
11/4/2015,Winnipeg Jets,4,Toronto Maple Leafs,2,,19113,152
11/4/2015,Pittsburgh Penguins,3,Vancouver Canucks,2,,18570,151
11/5/2015,Colorado Avalanche,2,Arizona Coyotes,4,,10270,157
11/5/2015,Tampa Bay Lightning,4,Buffalo Sabres,1,,18161,139
11/5/2015,Philadelphia Flyers,1,Calgary Flames,2,OT,19289,153
11/5/2015,Columbus Blue Jackets,3,Los Angeles Kings,2,,18230,157
11/5/2015,Nashville Predators,3,Minnesota Wild,2,,19024,160
11/5/2015,New York Islanders,1,Montreal Canadiens,4,,21288,144
11/5/2015,Winnipeg Jets,2,Ottawa Senators,3,SO,17195,163
11/5/2015,Florida Panthers,2,San Jose Sharks,5,,15525,149
11/5/2015,Boston Bruins,1,Washington Capitals,4,,18506,155
11/6/2015,Columbus Blue Jackets,2,Anaheim Ducks,4,,17174,146
11/6/2015,Dallas Stars,4,Carolina Hurricanes,1,,10188,152
11/6/2015,New York Rangers,2,Colorado Avalanche,1,,17818,143
11/6/2015,Pittsburgh Penguins,2,Edmonton Oilers,1,,16839,153
11/6/2015,Chicago Blackhawks,2,New Jersey Devils,4,,16514,158
11/6/2015,Detroit Red Wings,2,Toronto Maple Leafs,1,OT,19680,160
11/7/2015,New York Rangers,4,Arizona Coyotes,1,,13029,151
11/7/2015,Vancouver Canucks,2,Buffalo Sabres,3,,19070,146
11/7/2015,Ottawa Senators,2,Carolina Hurricanes,3,OT,10005,153
11/7/2015,Pittsburgh Penguins,2,Calgary Flames,5,,19289,151
11/7/2015,Florida Panthers,1,Los Angeles Kings,4,,18230,152
11/7/2015,Tampa Bay Lightning,0,Minnesota Wild,1,,19066,140
11/7/2015,Boston Bruins,2,Montreal Canadiens,4,,21288,166
11/7/2015,St. Louis Blues,4,Nashville Predators,0,,17143,146
11/7/2015,Anaheim Ducks,1,San Jose Sharks,0,,17562,152
11/7/2015,Philadelphia Flyers,3,Winnipeg Jets,0,,15294,147
11/7/2015,Toronto Maple Leafs,2,Washington Capitals,3,SO,18506,172
11/8/2015,Edmonton Oilers,2,Chicago Blackhawks,4,,21611,153
11/8/2015,Dallas Stars,4,Detroit Red Wings,1,,20027,151
11/8/2015,Vancouver Canucks,3,New Jersey Devils,4,OT,14896,174
11/8/2015,Boston Bruins,2,New York Islanders,1,,13197,150
11/9/2015,Arizona Coyotes,4,Anaheim Ducks,3,OT,13864,150
11/10/2015,Vancouver Canucks,5,Columbus Blue Jackets,3,,14148,147
11/10/2015,Toronto Maple Leafs,3,Dallas Stars,2,,18266,151
11/10/2015,Washington Capitals,0,Detroit Red Wings,1,,20027,141
11/10/2015,Calgary Flames,3,Florida Panthers,4,,11242,144
11/10/2015,Arizona Coyotes,3,Los Angeles Kings,2,,18230,146
11/10/2015,Winnipeg Jets,3,Minnesota Wild,5,,19153,151
11/10/2015,St. Louis Blues,2,New Jersey Devils,0,,13310,138
11/10/2015,Ottawa Senators,5,Nashville Predators,7,,16963,161
11/10/2015,Carolina Hurricanes,0,New York Rangers,3,,18006,147
11/10/2015,Colorado Avalanche,4,Philadelphia Flyers,0,,18587,145
11/10/2015,New York Islanders,4,San Jose Sharks,2,,16558,147
11/10/2015,Buffalo Sabres,4,Tampa Bay Lightning,1,,19092,145
11/11/2015,Edmonton Oilers,4,Anaheim Ducks,3,OT,16505,150
11/11/2015,Montreal Canadiens,3,Pittsburgh Penguins,4,SO,18455,164
11/12/2015,Edmonton Oilers,1,Arizona Coyotes,4,,15545,146
11/12/2015,Colorado Avalanche,3,Boston Bruins,2,,17565,154
11/12/2015,Minnesota Wild,3,Carolina Hurricanes,2,OT,9511,153
11/12/2015,New Jersey Devils,3,Chicago Blackhawks,2,,21568,138
11/12/2015,Winnipeg Jets,3,Dallas Stars,6,,18010,149
11/12/2015,Buffalo Sabres,3,Florida Panthers,2,,11271,152
11/12/2015,New York Islanders,1,Los Angeles Kings,2,,18230,147
11/12/2015,Toronto Maple Leafs,2,Nashville Predators,1,SO,17231,157
11/12/2015,St. Louis Blues,3,New York Rangers,6,,18006,146
11/12/2015,Vancouver Canucks,2,Ottawa Senators,3,,19229,143
11/12/2015,Washington Capitals,5,Philadelphia Flyers,2,,19414,154
11/12/2015,Calgary Flames,1,Tampa Bay Lightning,3,,19092,160
11/13/2015,New York Islanders,4,Anaheim Ducks,1,,17174,148
11/13/2015,San Jose Sharks,3,Detroit Red Wings,2,,20027,137
11/13/2015,Columbus Blue Jackets,2,Pittsburgh Penguins,1,,18610,160
11/13/2015,Calgary Flames,3,Washington Capitals,2,OT,18506,155
11/14/2015,Detroit Red Wings,1,Boston Bruins,3,,17565,144
11/14/2015,San Jose Sharks,2,Buffalo Sabres,1,OT,18611,153
11/14/2015,Philadelphia Flyers,3,Carolina Hurricanes,2,OT,13758,141
11/14/2015,Arizona Coyotes,2,Columbus Blue Jackets,5,,13702,158
11/14/2015,Minnesota Wild,2,Dallas Stars,3,OT,18532,160
11/14/2015,Edmonton Oilers,3,Los Angeles Kings,4,,18230,148
11/14/2015,Colorado Avalanche,6,Montreal Canadiens,1,,21288,143
11/14/2015,Pittsburgh Penguins,0,New Jersey Devils,4,,16514,149
11/14/2015,Winnipeg Jets,0,Nashville Predators,7,,17113,162
11/14/2015,New York Rangers,2,Ottawa Senators,1,SO,19310,153
11/14/2015,Chicago Blackhawks,4,St. Louis Blues,2,,19808,160
11/14/2015,Florida Panthers,5,Tampa Bay Lightning,4,SO,19092,173
11/14/2015,Vancouver Canucks,2,Toronto Maple Leafs,4,,19798,161
11/15/2015,Calgary Flames,1,Chicago Blackhawks,4,,21629,143
11/15/2015,Toronto Maple Leafs,3,New York Rangers,4,,18006,158
11/16/2015,Anaheim Ducks,4,Carolina Hurricanes,1,,9305,142
11/16/2015,Tampa Bay Lightning,0,Florida Panthers,1,,12067,146
11/16/2015,Vancouver Canucks,3,Montreal Canadiens,4,OT,21288,157
11/16/2015,Arizona Coyotes,2,New York Islanders,5,,11841,144
11/16/2015,Detroit Red Wings,4,Ottawa Senators,3,OT,16718,156
11/16/2015,Winnipeg Jets,2,St. Louis Blues,3,,18680,153
11/17/2015,San Jose Sharks,5,Boston Bruins,4,,17565,152
11/17/2015,Dallas Stars,3,Buffalo Sabres,1,,18101,156
11/17/2015,St. Louis Blues,1,Columbus Blue Jackets,3,,12161,147
11/17/2015,New Jersey Devils,2,Calgary Flames,3,,19289,147
11/17/2015,Anaheim Ducks,2,Nashville Predators,3,,17113,150
11/17/2015,Los Angeles Kings,3,Philadelphia Flyers,2,SO,18846,156
11/17/2015,Minnesota Wild,3,Pittsburgh Penguins,4,,18495,163
11/17/2015,Colorado Avalanche,1,Toronto Maple Leafs,5,,19238,145
11/18/2015,Washington Capitals,2,Detroit Red Wings,1,OT,20027,146
11/18/2015,Chicago Blackhawks,4,Edmonton Oilers,3,OT,16839,153
11/18/2015,Vancouver Canucks,1,Winnipeg Jets,4,,15294,153
11/19/2015,Minnesota Wild,2,Boston Bruins,4,,17565,149
11/19/2015,Anaheim Ducks,3,Florida Panthers,1,,10947,150
11/19/2015,Arizona Coyotes,3,Montreal Canadiens,2,,21288,157
11/19/2015,Columbus Blue Jackets,0,Ottawa Senators,3,,16925,157
11/19/2015,San Jose Sharks,1,Philadelphia Flyers,0,OT,18229,157
11/19/2015,Colorado Avalanche,3,Pittsburgh Penguins,4,,18430,149
11/19/2015,Buffalo Sabres,2,St. Louis Blues,3,SO,17359,158
11/19/2015,New York Rangers,1,Tampa Bay Lightning,2,,19092,153
11/19/2015,Dallas Stars,3,Washington Capitals,2,,18506,147
11/20/2015,Toronto Maple Leafs,2,Carolina Hurricanes,1,SO,10327,172
11/20/2015,Nashville Predators,0,Columbus Blue Jackets,4,,13584,144
11/20/2015,Chicago Blackhawks,1,Calgary Flames,2,OT,19289,152
11/20/2015,Los Angeles Kings,2,Detroit Red Wings,3,,20027,148
11/20/2015,New Jersey Devils,1,Edmonton Oilers,5,,16839,142
11/20/2015,Montreal Canadiens,5,New York Islanders,3,,15171,155
11/21/2015,Toronto Maple Leafs,0,Boston Bruins,2,,17565,153
11/21/2015,Buffalo Sabres,0,Dallas Stars,3,,18532,145
11/21/2015,New York Rangers,5,Florida Panthers,4,OT,17866,168
11/21/2015,Nashville Predators,0,Minnesota Wild,4,,19056,153
11/21/2015,Philadelphia Flyers,0,Ottawa Senators,4,,18578,149
11/21/2015,San Jose Sharks,3,Pittsburgh Penguins,1,,18534,149
11/21/2015,Detroit Red Wings,4,St. Louis Blues,3,OT,18098,157
11/21/2015,Anaheim Ducks,0,Tampa Bay Lightning,5,,19092,151
11/21/2015,Chicago Blackhawks,3,Vancouver Canucks,6,,18570,144
11/21/2015,Arizona Coyotes,2,Winnipeg Jets,3,,15294,149
11/21/2015,Colorado Avalanche,3,Washington Capitals,7,,18506,154
11/22/2015,Los Angeles Kings,3,Carolina Hurricanes,4,,10154,153
11/22/2015,San Jose Sharks,5,Columbus Blue Jackets,3,,13397,154
11/22/2015,New York Islanders,2,Montreal Canadiens,4,,21288,148
11/22/2015,New Jersey Devils,3,Vancouver Canucks,2,,18268,155
11/23/2015,St. Louis Blues,2,Buffalo Sabres,1,,17563,148
11/23/2015,Los Angeles Kings,3,Florida Panthers,1,,10997,153
11/23/2015,Nashville Predators,0,New York Rangers,3,,18006,149
11/23/2015,Carolina Hurricanes,2,Philadelphia Flyers,3,OT,18636,153
11/23/2015,Boston Bruins,4,Toronto Maple Leafs,3,SO,19609,178
11/23/2015,Colorado Avalanche,4,Winnipeg Jets,1,,15294,139
11/23/2015,Edmonton Oilers,0,Washington Capitals,1,,18506,141
11/24/2015,Calgary Flames,3,Anaheim Ducks,5,,15688,152
11/24/2015,Ottawa Senators,7,Dallas Stars,4,,18532,151
11/25/2015,Anaheim Ducks,2,Arizona Coyotes,4,,11578,152
11/25/2015,Nashville Predators,3,Buffalo Sabres,2,,17871,144
11/25/2015,Edmonton Oilers,1,Carolina Hurricanes,4,,10911,138
11/25/2015,Ottawa Senators,5,Colorado Avalanche,3,,16570,150
11/25/2015,Boston Bruins,3,Detroit Red Wings,2,OT,20027,144
11/25/2015,Vancouver Canucks,3,Minnesota Wild,2,,18877,146
11/25/2015,Columbus Blue Jackets,2,New Jersey Devils,1,,13567,140
11/25/2015,Philadelphia Flyers,1,New York Islanders,3,,13027,144
11/25/2015,Montreal Canadiens,5,New York Rangers,1,,18006,148
11/25/2015,St. Louis Blues,3,Pittsburgh Penguins,4,OT,18569,146
11/25/2015,Chicago Blackhawks,5,San Jose Sharks,2,,17562,145
11/25/2015,Los Angeles Kings,1,Tampa Bay Lightning,2,SO,19092,166
11/25/2015,Winnipeg Jets,3,Washington Capitals,5,,18506,147
11/27/2015,Chicago Blackhawks,3,Anaheim Ducks,2,OT,17174,163
11/27/2015,Calgary Flames,1,Arizona Coyotes,2,OT,11495,152
11/27/2015,New York Rangers,3,Boston Bruins,4,,17565,153
11/27/2015,Carolina Hurricanes,1,Buffalo Sabres,4,,18052,138
11/27/2015,Pittsburgh Penguins,1,Columbus Blue Jackets,2,OT,18205,163
11/27/2015,Vancouver Canucks,2,Dallas Stars,3,SO,18532,161
11/27/2015,Edmonton Oilers,3,Detroit Red Wings,4,OT,20027,147
11/27/2015,New York Islanders,2,Florida Panthers,3,SO,14598,156
11/27/2015,Winnipeg Jets,3,Minnesota Wild,1,,19055,150
11/27/2015,Montreal Canadiens,3,New Jersey Devils,2,SO,16514,166
11/27/2015,Nashville Predators,2,Philadelphia Flyers,3,OT,19818,161
11/27/2015,Tampa Bay Lightning,2,Washington Capitals,4,,18506,158
11/28/2015,Ottawa Senators,3,Arizona Coyotes,4,,12727,154
11/28/2015,Winnipeg Jets,3,Colorado Avalanche,5,,16311,143
11/28/2015,Chicago Blackhawks,2,Los Angeles Kings,3,OT,18482,149
11/28/2015,Dallas Stars,4,Minnesota Wild,3,OT,19024,156
11/28/2015,New Jersey Devils,3,Montreal Canadiens,2,OT,21288,159
11/28/2015,Buffalo Sabres,4,Nashville Predators,1,,17217,156
11/28/2015,Philadelphia Flyers,3,New York Rangers,0,,18006,139
11/28/2015,Edmonton Oilers,3,Pittsburgh Penguins,2,SO,18656,165
11/28/2015,Calgary Flames,2,San Jose Sharks,5,,17283,141
11/28/2015,Columbus Blue Jackets,1,St. Louis Blues,3,,19227,142
11/28/2015,New York Islanders,3,Tampa Bay Lightning,2,,19092,143
11/28/2015,Washington Capitals,4,Toronto Maple Leafs,2,,19053,145
11/29/2015,Florida Panthers,2,Detroit Red Wings,1,OT,20027,158
11/30/2015,Vancouver Canucks,0,Anaheim Ducks,4,,14006,149
11/30/2015,Colorado Avalanche,3,New York Islanders,5,,11585,146
11/30/2015,Carolina Hurricanes,3,New York Rangers,4,,18006,146
11/30/2015,Edmonton Oilers,0,Toronto Maple Leafs,3,,19559,147
12/1/2015,Dallas Stars,3,Calgary Flames,4,SO,19237,152
12/1/2015,Minnesota Wild,2,Chicago Blackhawks,1,,21580,149
12/1/2015,Buffalo Sabres,4,Detroit Red Wings,5,SO,20027,167
12/1/2015,Vancouver Canucks,1,Los Angeles Kings,2,OT,18230,150
12/1/2015,Columbus Blue Jackets,1,Montreal Canadiens,2,,21288,148
12/1/2015,Colorado Avalanche,2,New Jersey Devils,1,,14019,145
12/1/2015,Arizona Coyotes,2,Nashville Predators,5,,15091,148
12/1/2015,Philadelphia Flyers,4,Ottawa Senators,2,,17010,154
12/1/2015,Pittsburgh Penguins,5,San Jose Sharks,1,,16624,147
12/1/2015,Florida Panthers,3,St. Louis Blues,1,,15395,148
12/2/2015,Tampa Bay Lightning,2,Anaheim Ducks,1,,14741,160
12/2/2015,Boston Bruins,2,Edmonton Oilers,3,SO,16839,169
12/2/2015,New York Rangers,1,New York Islanders,2,SO,15795,158
12/2/2015,Toronto Maple Leafs,1,Winnipeg Jets,6,,15294,147
12/3/2015,New Jersey Devils,5,Carolina Hurricanes,1,,9254,155
12/3/2015,Arizona Coyotes,1,Detroit Red Wings,5,,20027,151
12/3/2015,Toronto Maple Leafs,0,Minnesota Wild,1,,18880,146
12/3/2015,Washington Capitals,3,Montreal Canadiens,2,,21288,150
12/3/2015,Florida Panthers,2,Nashville Predators,1,,15405,146
12/3/2015,Colorado Avalanche,2,New York Rangers,1,,18006,139
12/3/2015,Chicago Blackhawks,3,Ottawa Senators,4,OT,17171,161
12/3/2015,Dallas Stars,4,Vancouver Canucks,2,,18302,154
12/4/2015,San Jose Sharks,0,Anaheim Ducks,1,,15701,146
12/4/2015,Arizona Coyotes,2,Buffalo Sabres,5,,18204,154
12/4/2015,Florida Panthers,2,Columbus Blue Jackets,1,SO,14062,163
12/4/2015,Boston Bruins,4,Calgary Flames,5,OT,19289,161
12/4/2015,Dallas Stars,1,Edmonton Oilers,2,OT,16839,144
12/4/2015,Philadelphia Flyers,4,New Jersey Devils,3,OT,14825,154
12/4/2015,St. Louis Blues,1,New York Islanders,2,SO,12873,154
12/5/2015,Montreal Canadiens,2,Carolina Hurricanes,3,,10687,156
12/5/2015,Nashville Predators,4,Detroit Red Wings,5,OT,20027,159
12/5/2015,Pittsburgh Penguins,3,Los Angeles Kings,5,,18230,148
12/5/2015,Colorado Avalanche,0,Minnesota Wild,3,,19173,148
12/5/2015,New York Islanders,2,Ottawa Senators,3,OT,17281,157
12/5/2015,Columbus Blue Jackets,4,Philadelphia Flyers,1,,18202,150
12/5/2015,Tampa Bay Lightning,4,San Jose Sharks,3,,16089,156
12/5/2015,Toronto Maple Leafs,4,St. Louis Blues,1,,18698,151
12/5/2015,Boston Bruins,4,Vancouver Canucks,0,,18570,144
12/5/2015,Washington Capitals,1,Winnipeg Jets,2,OT,15294,166
12/6/2015,Pittsburgh Penguins,1,Anaheim Ducks,2,,15836,149
12/6/2015,Arizona Coyotes,4,Carolina Hurricanes,5,,9021,147
12/6/2015,Winnipeg Jets,1,Chicago Blackhawks,3,,21749,161
12/6/2015,Buffalo Sabres,2,Edmonton Oilers,4,,16839,161
12/6/2015,Tampa Bay Lightning,1,Los Angeles Kings,3,,18230,155
12/6/2015,Florida Panthers,2,New Jersey Devils,4,,13643,148
12/6/2015,Ottawa Senators,1,New York Rangers,4,,18006,150
12/7/2015,Nashville Predators,3,Boston Bruins,2,,17565,156
12/7/2015,Minnesota Wild,1,Colorado Avalanche,2,OT,16589,153
12/7/2015,Buffalo Sabres,2,Vancouver Canucks,5,,18278,148
12/8/2015,Los Angeles Kings,3,Columbus Blue Jackets,2,OT,15633,155
12/8/2015,San Jose Sharks,2,Calgary Flames,4,,19289,159
12/8/2015,Nashville Predators,1,Chicago Blackhawks,4,,21432,146
12/8/2015,Carolina Hurricanes,5,Dallas Stars,6,,18287,154
12/8/2015,Ottawa Senators,4,Florida Panthers,2,,11571,141
12/8/2015,New York Islanders,4,Philadelphia Flyers,3,SO,18108,163
12/8/2015,Arizona Coyotes,1,St. Louis Blues,4,,16301,155
12/8/2015,New Jersey Devils,2,Toronto Maple Leafs,3,SO,19043,166
12/8/2015,Detroit Red Wings,2,Washington Capitals,3,SO,18506,161
12/9/2015,Pittsburgh Penguins,4,Colorado Avalanche,2,,15838,149
12/9/2015,San Jose Sharks,3,Edmonton Oilers,4,OT,16839,160
12/9/2015,Boston Bruins,3,Montreal Canadiens,1,,21288,157
12/9/2015,New York Rangers,1,Vancouver Canucks,2,,18195,148
12/10/2015,Buffalo Sabres,3,Calgary Flames,4,,18565,153
12/10/2015,Montreal Canadiens,2,Detroit Red Wings,3,,20027,154
12/10/2015,Washington Capitals,1,Florida Panthers,4,,12810,167
12/10/2015,Chicago Blackhawks,1,Nashville Predators,5,,17113,151
12/10/2015,Philadelphia Flyers,4,St. Louis Blues,2,,14428,147
12/10/2015,Ottawa Senators,1,Tampa Bay Lightning,4,,19092,152
12/10/2015,Columbus Blue Jackets,4,Winnipeg Jets,6,,15294,154
12/11/2015,Carolina Hurricanes,5,Anaheim Ducks,1,,17174,147
12/11/2015,Minnesota Wild,1,Arizona Coyotes,2,OT,14404,156
12/11/2015,Winnipeg Jets,0,Chicago Blackhawks,2,,22021,142
12/11/2015,Philadelphia Flyers,1,Dallas Stars,3,,18532,155
12/11/2015,New York Rangers,5,Edmonton Oilers,7,,16839,159
12/11/2015,Detroit Red Wings,2,New Jersey Devils,3,OT,16514,154
12/11/2015,Los Angeles Kings,3,Pittsburgh Penguins,2,SO,18489,171
12/12/2015,Carolina Hurricanes,5,Arizona Coyotes,4,OT,12668,154
12/12/2015,Florida Panthers,1,Boston Bruins,3,,17565,151
12/12/2015,Los Angeles Kings,1,Buffalo Sabres,2,OT,18133,152
12/12/2015,New York Islanders,3,Columbus Blue Jackets,2,OT,12342,149
12/12/2015,New York Rangers,4,Calgary Flames,5,OT,19289,152
12/12/2015,Ottawa Senators,1,Montreal Canadiens,3,,21288,156
12/12/2015,Colorado Avalanche,3,Nashville Predators,2,,17113,156
12/12/2015,Minnesota Wild,2,San Jose Sharks,0,,16766,145
12/12/2015,Dallas Stars,0,St. Louis Blues,3,,15023,153
12/12/2015,Washington Capitals,2,Tampa Bay Lightning,1,,19092,152
12/13/2015,Vancouver Canucks,0,Chicago Blackhawks,4,,21711,143
12/13/2015,New Jersey Devils,0,New York Islanders,4,,13259,145
12/13/2015,Colorado Avalanche,3,St. Louis Blues,1,,17961,139
12/14/2015,Edmonton Oilers,3,Boston Bruins,2,OT,17565,158
12/14/2015,Tampa Bay Lightning,2,Columbus Blue Jackets,1,,12494,147
12/14/2015,Buffalo Sabres,2,Detroit Red Wings,1,,20027,146
12/14/2015,Los Angeles Kings,3,Ottawa Senators,5,,17829,152
12/14/2015,Washington Capitals,4,Pittsburgh Penguins,1,,18520,156
12/15/2015,New Jersey Devils,2,Buffalo Sabres,0,,18297,142
12/15/2015,Colorado Avalanche,3,Chicago Blackhawks,0,,21473,144
12/15/2015,Columbus Blue Jackets,1,Dallas Stars,5,,18232,151
12/15/2015,Vancouver Canucks,2,Minnesota Wild,6,,18804,151
12/15/2015,San Jose Sharks,3,Montreal Canadiens,1,,21288,146
12/15/2015,Calgary Flames,2,Nashville Predators,1,OT,15431,146
12/15/2015,Florida Panthers,5,New York Islanders,1,,13656,147
12/15/2015,Edmonton Oilers,2,New York Rangers,4,,18006,141
12/15/2015,Carolina Hurricanes,3,Philadelphia Flyers,4,OT,18205,149
12/15/2015,Tampa Bay Lightning,5,Toronto Maple Leafs,4,OT,18989,158
12/15/2015,St. Louis Blues,4,Winnipeg Jets,3,,15294,146
12/16/2015,Pittsburgh Penguins,0,Boston Bruins,3,,17565,154
12/16/2015,Ottawa Senators,1,Washington Capitals,2,,18506,147
12/17/2015,Columbus Blue Jackets,7,Arizona Coyotes,5,,11120,152
12/17/2015,Anaheim Ducks,0,Buffalo Sabres,3,,18801,151
12/17/2015,Edmonton Oilers,0,Chicago Blackhawks,4,,21451,145
12/17/2015,New York Islanders,1,Colorado Avalanche,2,,15811,143
12/17/2015,Calgary Flames,3,Dallas Stars,1,,18410,145
12/17/2015,New York Rangers,2,Minnesota Wild,5,,19090,147
12/17/2015,Los Angeles Kings,3,Montreal Canadiens,0,,21288,149
12/17/2015,Florida Panthers,5,New Jersey Devils,1,,12512,141
12/17/2015,Vancouver Canucks,0,Philadelphia Flyers,2,,17943,153
12/17/2015,Nashville Predators,1,St. Louis Blues,2,,17882,146
12/17/2015,San Jose Sharks,5,Toronto Maple Leafs,4,OT,18966,161
12/18/2015,Florida Panthers,2,Carolina Hurricanes,0,,10511,144
12/18/2015,Vancouver Canucks,4,Detroit Red Wings,3,SO,20027,164
12/18/2015,San Jose Sharks,2,Ottawa Senators,4,,17990,154
12/18/2015,Boston Bruins,6,Pittsburgh Penguins,2,,18585,154
12/18/2015,New York Rangers,2,Winnipeg Jets,5,,15294,145
12/18/2015,Tampa Bay Lightning,3,Washington Capitals,5,,18506,145
12/19/2015,New York Islanders,0,Arizona Coyotes,1,,11878,143
12/19/2015,Chicago Blackhawks,3,Buffalo Sabres,2,SO,18870,158
12/19/2015,Philadelphia Flyers,2,Columbus Blue Jackets,3,SO,14030,164
12/19/2015,Edmonton Oilers,1,Colorado Avalanche,5,,17570,144
12/19/2015,Montreal Canadiens,2,Dallas Stars,6,,18532,155
12/19/2015,Anaheim Ducks,2,New Jersey Devils,1,,16514,140
12/19/2015,Minnesota Wild,2,Nashville Predators,3,,17117,146
12/19/2015,Carolina Hurricanes,2,Pittsburgh Penguins,1,,18590,137
12/19/2015,Calgary Flames,2,St. Louis Blues,3,,18163,153
12/19/2015,Los Angeles Kings,0,Toronto Maple Leafs,5,,19362,148
12/20/2015,New Jersey Devils,1,Boston Bruins,2,SO,17565,163
12/20/2015,San Jose Sharks,3,Chicago Blackhawks,4,OT,22096,161
12/20/2015,Calgary Flames,2,Detroit Red Wings,4,,20027,145
12/20/2015,Vancouver Canucks,4,Florida Panthers,5,SO,13459,271
12/20/2015,Washington Capitals,7,New York Rangers,3,,18006,151
12/20/2015,Ottawa Senators,2,Tampa Bay Lightning,5,,19092,152
12/21/2015,Washington Capitals,2,Carolina Hurricanes,1,,13228,137
12/21/2015,Toronto Maple Leafs,7,Colorado Avalanche,4,,16084,155
12/21/2015,Winnipeg Jets,1,Edmonton Oilers,3,,16839,157
12/21/2015,Dallas Stars,6,Minnesota Wild,3,,19047,161
12/21/2015,Montreal Canadiens,1,Nashville Predators,5,,17113,152
12/21/2015,Anaheim Ducks,2,New York Islanders,5,,13578,146
12/21/2015,St. Louis Blues,3,Philadelphia Flyers,4,,19676,151
12/21/2015,Columbus Blue Jackets,2,Pittsburgh Penguins,5,,18602,155
12/22/2015,Toronto Maple Leafs,2,Arizona Coyotes,3,,12234,159
12/22/2015,St. Louis Blues,2,Boston Bruins,0,,17565,146
12/22/2015,Winnipeg Jets,1,Calgary Flames,4,,19289,155
12/22/2015,Chicago Blackhawks,0,Dallas Stars,4,,18532,146
12/22/2015,New Jersey Devils,4,Detroit Red Wings,3,,20027,152
12/22/2015,Ottawa Senators,1,Florida Panthers,2,SO,14538,161
12/22/2015,San Jose Sharks,5,Los Angeles Kings,3,,18493,153
12/22/2015,Montreal Canadiens,1,Minnesota Wild,2,,19105,151
12/22/2015,Anaheim Ducks,2,New York Rangers,3,OT,18006,158
12/22/2015,Vancouver Canucks,2,Tampa Bay Lightning,1,,19092,150
12/26/2015,Los Angeles Kings,4,Arizona Coyotes,3,OT,15277,156
12/26/2015,Buffalo Sabres,6,Boston Bruins,3,,17565,147
12/26/2015,New Jersey Devils,1,Carolina Hurricanes,3,,11654,135
12/26/2015,Pittsburgh Penguins,3,Minnesota Wild,1,,19234,150
12/26/2015,Detroit Red Wings,3,Nashville Predators,2,,17208,146
12/26/2015,Dallas Stars,2,St. Louis Blues,3,SO,19185,171
12/26/2015,Columbus Blue Jackets,2,Tampa Bay Lightning,5,,19092,158
12/26/2015,Edmonton Oilers,1,Vancouver Canucks,2,OT,18570,154
12/26/2015,Montreal Canadiens,1,Washington Capitals,3,,18506,151
12/27/2015,Philadelphia Flyers,2,Anaheim Ducks,4,,17322,149
12/27/2015,Edmonton Oilers,3,Calgary Flames,5,,19289,146
12/27/2015,Carolina Hurricanes,2,Chicago Blackhawks,1,,22157,142
12/27/2015,Arizona Coyotes,2,Colorado Avalanche,1,OT,18064,161
12/27/2015,St. Louis Blues,0,Dallas Stars,3,,18532,158
12/27/2015,Columbus Blue Jackets,2,Florida Panthers,3,,16902,147
12/27/2015,Toronto Maple Leafs,3,New York Islanders,1,,15795,140
12/27/2015,Boston Bruins,1,Ottawa Senators,3,,20061,145
12/27/2015,Pittsburgh Penguins,0,Winnipeg Jets,1,,15294,140
12/28/2015,Washington Capitals,2,Buffalo Sabres,0,,19070,150
12/28/2015,Detroit Red Wings,1,Minnesota Wild,3,,19110,145
12/28/2015,New York Rangers,3,Nashville Predators,5,,17317,153
12/28/2015,Colorado Avalanche,6,San Jose Sharks,3,,17562,143
12/28/2015,Montreal Canadiens,4,Tampa Bay Lightning,3,SO,19092,180
12/28/2015,Los Angeles Kings,5,Vancouver Canucks,0,,18570,149
12/29/2015,Chicago Blackhawks,7,Arizona Coyotes,5,,17197,163
12/29/2015,Ottawa Senators,3,Boston Bruins,7,,17565,167
12/29/2015,Dallas Stars,3,Columbus Blue Jackets,6,,15836,158
12/29/2015,Anaheim Ducks,1,Calgary Flames,0,,19289,138
12/29/2015,Los Angeles Kings,5,Edmonton Oilers,2,,16839,150
12/29/2015,Montreal Canadiens,1,Florida Panthers,3,,19822,149
12/29/2015,Carolina Hurricanes,2,New Jersey Devils,3,,16514,145
12/29/2015,Nashville Predators,3,St. Louis Blues,4,OT,19319,163
12/29/2015,New York Islanders,6,Toronto Maple Leafs,3,,19899,152
12/29/2015,Detroit Red Wings,1,Winnipeg Jets,4,,15294,142
12/30/2015,New Jersey Devils,3,Ottawa Senators,0,,19825,135
12/30/2015,Toronto Maple Leafs,3,Pittsburgh Penguins,2,SO,18662,167
12/30/2015,Philadelphia Flyers,2,San Jose Sharks,4,,17562,152
12/30/2015,New York Rangers,5,Tampa Bay Lightning,2,,19092,151
12/30/2015,Buffalo Sabres,2,Washington Capitals,5,,18506,158
12/31/2015,Winnipeg Jets,2,Arizona Coyotes,4,,14027,154
12/31/2015,New York Islanders,2,Buffalo Sabres,1,,19070,147
12/31/2015,Washington Capitals,2,Carolina Hurricanes,4,,14134,146
12/31/2015,Los Angeles Kings,4,Calgary Flames,1,,19289,145
12/31/2015,Chicago Blackhawks,4,Colorado Avalanche,3,OT,18048,149
12/31/2015,Nashville Predators,1,Dallas Stars,5,,18532,152
12/31/2015,Pittsburgh Penguins,5,Detroit Red Wings,2,,20027,158
12/31/2015,Anaheim Ducks,1,Edmonton Oilers,0,,16839,146
12/31/2015,Minnesota Wild,3,St. Louis Blues,1,,19194,140
1/1/2016,Montreal Canadiens,5,Boston Bruins,1,,32767,172
1/1/2016,Anaheim Ducks,1,Vancouver Canucks,2,SO,18570,150
1/2/2016,Detroit Red Wings,4,Buffalo Sabres,3,,19070,148
1/2/2016,Nashville Predators,2,Carolina Hurricanes,1,OT,12149,156
1/2/2016,Washington Capitals,4,Columbus Blue Jackets,5,SO,17170,168
1/2/2016,Calgary Flames,4,Colorado Avalanche,0,,18087,146
1/2/2016,Arizona Coyotes,3,Edmonton Oilers,4,SO,16839,167
1/2/2016,New York Rangers,0,Florida Panthers,3,,20289,145
1/2/2016,Philadelphia Flyers,1,Los Angeles Kings,2,,18230,153
1/2/2016,Dallas Stars,2,New Jersey Devils,3,OT,16514,151
1/2/2016,New York Islanders,2,Pittsburgh Penguins,5,,18665,148
1/2/2016,Winnipeg Jets,4,San Jose Sharks,1,,17562,146
1/2/2016,Minnesota Wild,2,Tampa Bay Lightning,3,SO,19092,165
1/2/2016,St. Louis Blues,1,Toronto Maple Leafs,4,,19221,157
1/3/2016,Winnipeg Jets,1,Anaheim Ducks,4,,17174,148
1/3/2016,Ottawa Senators,0,Chicago Blackhawks,3,,22016,141
1/3/2016,Minnesota Wild,1,Florida Panthers,2,,15426,153
1/3/2016,Dallas Stars,5,New York Islanders,6,,14054,156
1/4/2016,Los Angeles Kings,1,Colorado Avalanche,4,,15202,150
1/4/2016,Carolina Hurricanes,0,Edmonton Oilers,1,OT,16839,144
1/4/2016,Detroit Red Wings,1,New Jersey Devils,0,,15547,137
1/4/2016,Ottawa Senators,3,St. Louis Blues,2,OT,19152,159
1/4/2016,Arizona Coyotes,3,Vancouver Canucks,2,,18377,156
1/5/2016,Washington Capitals,3,Boston Bruins,2,,17565,146
1/5/2016,Florida Panthers,5,Buffalo Sabres,1,,18560,147
1/5/2016,Minnesota Wild,4,Columbus Blue Jackets,2,,12411,149
1/5/2016,Tampa Bay Lightning,1,Calgary Flames,3,,18966,141
1/5/2016,Winnipeg Jets,4,Nashville Predators,1,,17113,145
1/5/2016,Dallas Stars,2,New York Rangers,6,,18006,144
1/5/2016,Montreal Canadiens,3,Philadelphia Flyers,4,,19163,157
1/5/2016,Chicago Blackhawks,3,Pittsburgh Penguins,2,OT,18658,148
1/6/2016,Toronto Maple Leafs,4,Anaheim Ducks,0,,16283,155
1/6/2016,Pittsburgh Penguins,1,Chicago Blackhawks,3,,21908,147
1/6/2016,St. Louis Blues,3,Colorado Avalanche,4,OT,13359,154
1/6/2016,New Jersey Devils,1,Montreal Canadiens,2,,21288,150
1/6/2016,Carolina Hurricanes,2,Vancouver Canucks,3,,18364,143
1/7/2016,Arizona Coyotes,2,Calgary Flames,1,,19272,147
1/7/2016,Winnipeg Jets,1,Dallas Stars,2,SO,18532,162
1/7/2016,Toronto Maple Leafs,1,Los Angeles Kings,2,,18230,155
1/7/2016,Philadelphia Flyers,4,Minnesota Wild,3,OT,19125,154
1/7/2016,Washington Capitals,4,New York Islanders,1,,14261,142
1/7/2016,Florida Panthers,3,Ottawa Senators,2,,17150,145
1/7/2016,Detroit Red Wings,2,San Jose Sharks,1,,16856,149
1/8/2016,St. Louis Blues,3,Anaheim Ducks,4,SO,16250,175
1/8/2016,Columbus Blue Jackets,1,Carolina Hurricanes,4,,14241,156
1/8/2016,Buffalo Sabres,1,Chicago Blackhawks,3,,22142,148
1/8/2016,Nashville Predators,3,Colorado Avalanche,5,,17680,150
1/8/2016,Tampa Bay Lightning,3,Edmonton Oilers,2,,16839,152
1/8/2016,Boston Bruins,4,New Jersey Devils,1,,16514,138
1/9/2016,Nashville Predators,0,Arizona Coyotes,4,,12345,147
1/9/2016,Carolina Hurricanes,4,Columbus Blue Jackets,3,OT,16532,156
1/9/2016,Minnesota Wild,2,Dallas Stars,1,,18532,154
1/9/2016,St. Louis Blues,2,Los Angeles Kings,1,SO,18413,167
1/9/2016,Pittsburgh Penguins,3,Montreal Canadiens,1,,21288,154
1/9/2016,Washington Capitals,4,New York Rangers,3,OT,18006,155
1/9/2016,Boston Bruins,1,Ottawa Senators,2,OT,19125,158
1/9/2016,New York Islanders,0,Philadelphia Flyers,4,,19874,145
1/9/2016,Toronto Maple Leafs,0,San Jose Sharks,7,,17281,146
1/9/2016,Tampa Bay Lightning,3,Vancouver Canucks,2,OT,18335,157
1/10/2016,Detroit Red Wings,2,Anaheim Ducks,1,,17174,146
1/10/2016,Colorado Avalanche,3,Chicago Blackhawks,6,,22007,143
1/10/2016,Florida Panthers,2,Edmonton Oilers,1,,16839,145
1/10/2016,New Jersey Devils,2,Minnesota Wild,1,,19028,139
1/10/2016,Buffalo Sabres,4,Winnipeg Jets,2,,15294,164
1/10/2016,Ottawa Senators,1,Washington Capitals,7,,18506,152
1/11/2016,San Jose Sharks,5,Calgary Flames,4,,19227,161
1/11/2016,Detroit Red Wings,2,Los Angeles Kings,4,,18230,143
1/11/2016,Boston Bruins,1,New York Rangers,2,,18006,141
1/11/2016,Florida Panthers,2,Vancouver Canucks,3,OT,18570,148
1/12/2016,Edmonton Oilers,3,Arizona Coyotes,4,OT,11391,158
1/12/2016,Pittsburgh Penguins,2,Carolina Hurricanes,3,OT,13012,141
1/12/2016,Nashville Predators,2,Chicago Blackhawks,3,,21618,148
1/12/2016,Tampa Bay Lightning,4,Colorado Avalanche,0,,14227,138
1/12/2016,Buffalo Sabres,3,Minnesota Wild,2,,19034,153
1/12/2016,Columbus Blue Jackets,2,New York Islanders,5,,13115,145
1/12/2016,New Jersey Devils,2,St. Louis Blues,5,,17951,159
1/12/2016,San Jose Sharks,4,Winnipeg Jets,1,,15294,148
1/13/2016,Ottawa Senators,1,Anaheim Ducks,4,,15791,146
1/13/2016,Florida Panthers,0,Calgary Flames,6,,18702,141
1/13/2016,Boston Bruins,2,Philadelphia Flyers,3,,19704,142
1/13/2016,Columbus Blue Jackets,3,Toronto Maple Leafs,1,,18903,152
1/14/2016,Detroit Red Wings,3,Arizona Coyotes,2,OT,12014,151
1/14/2016,New Jersey Devils,0,Colorado Avalanche,3,,15636,139
1/14/2016,Chicago Blackhawks,2,Montreal Canadiens,1,,21288,148
1/14/2016,New York Rangers,1,New York Islanders,3,,15795,142
1/14/2016,Edmonton Oilers,1,San Jose Sharks,2,SO,15379,149
1/14/2016,Carolina Hurricanes,4,St. Louis Blues,1,,19282,143
1/14/2016,Nashville Predators,4,Winnipeg Jets,5,OT,15294,158
1/14/2016,Vancouver Canucks,1,Washington Capitals,4,,18605,143
1/15/2016,Dallas Stars,2,Anaheim Ducks,4,,16201,156
1/15/2016,Boston Bruins,4,Buffalo Sabres,1,,18704,150
1/15/2016,Vancouver Canucks,3,Carolina Hurricanes,2,OT,11657,150
1/15/2016,Winnipeg Jets,1,Minnesota Wild,0,,19222,139
1/15/2016,Pittsburgh Penguins,4,Tampa Bay Lightning,5,OT,19092,162
1/15/2016,Chicago Blackhawks,4,Toronto Maple Leafs,1,,20049,150
1/16/2016,New Jersey Devils,2,Arizona Coyotes,0,,11745,145
1/16/2016,Toronto Maple Leafs,2,Boston Bruins,3,,17565,161
1/16/2016,Washington Capitals,1,Buffalo Sabres,4,,19070,148
1/16/2016,Colorado Avalanche,1,Columbus Blue Jackets,2,,17776,148
1/16/2016,Calgary Flames,1,Edmonton Oilers,2,SO,16839,165
1/16/2016,Ottawa Senators,5,Los Angeles Kings,3,,18230,149
1/16/2016,Minnesota Wild,0,Nashville Predators,3,,17302,149
1/16/2016,New York Rangers,3,Philadelphia Flyers,2,SO,19843,156
1/16/2016,Dallas Stars,3,San Jose Sharks,4,OT,17562,158
1/16/2016,Montreal Canadiens,3,St. Louis Blues,4,OT,19501,168
1/17/2016,Los Angeles Kings,3,Anaheim Ducks,2,,17227,160
1/17/2016,Montreal Canadiens,2,Chicago Blackhawks,5,,22030,145
1/17/2016,Philadelphia Flyers,2,Detroit Red Wings,1,SO,20027,159
1/17/2016,Vancouver Canucks,2,New York Islanders,1,SO,15795,170
1/17/2016,Carolina Hurricanes,0,Pittsburgh Penguins,5,,18528,148
1/17/2016,Florida Panthers,1,Tampa Bay Lightning,3,,19092,144
1/17/2016,New York Rangers,2,Washington Capitals,5,,18506,159
1/18/2016,Buffalo Sabres,2,Arizona Coyotes,1,,11134,152
1/18/2016,Edmonton Oilers,4,Florida Panthers,2,,14897,147
1/18/2016,Ottawa Senators,4,San Jose Sharks,3,SO,16619,158
1/18/2016,Pittsburgh Penguins,2,St. Louis Blues,5,,19312,150
1/18/2016,Colorado Avalanche,2,Winnipeg Jets,1,,15294,140
1/19/2016,Washington Capitals,6,Columbus Blue Jackets,3,,12291,148
1/19/2016,Dallas Stars,2,Los Angeles Kings,3,,18230,154
1/19/2016,Boston Bruins,4,Montreal Canadiens,1,,21288,148
1/19/2016,Calgary Flames,2,New Jersey Devils,4,,14319,142
1/19/2016,Chicago Blackhawks,4,Nashville Predators,1,,17122,144
1/19/2016,Vancouver Canucks,2,New York Rangers,3,OT,18006,151
1/19/2016,Toronto Maple Leafs,3,Philadelphia Flyers,2,,19319,158
1/19/2016,Edmonton Oilers,4,Tampa Bay Lightning,6,,19092,151
1/20/2016,Minnesota Wild,1,Anaheim Ducks,3,,15962,148
1/20/2016,Buffalo Sabres,1,Colorado Avalanche,2,,13274,140
1/20/2016,St. Louis Blues,2,Detroit Red Wings,1,,20027,149
1/21/2016,San Jose Sharks,3,Arizona Coyotes,1,,12251,142
1/21/2016,Vancouver Canucks,4,Boston Bruins,2,,17565,145
1/21/2016,Calgary Flames,4,Columbus Blue Jackets,2,,12492,132
1/21/2016,Edmonton Oilers,2,Dallas Stars,3,,18532,155
1/21/2016,Minnesota Wild,3,Los Angeles Kings,0,,18230,157
1/21/2016,Ottawa Senators,3,New Jersey Devils,6,,14772,149
1/21/2016,Philadelphia Flyers,3,Pittsburgh Penguins,4,,18652,159
1/21/2016,Chicago Blackhawks,1,Tampa Bay Lightning,2,,19092,142
1/21/2016,Carolina Hurricanes,1,Toronto Maple Leafs,0,OT,18981,149
1/21/2016,Nashville Predators,4,Winnipeg Jets,1,,15294,144
1/22/2016,Detroit Red Wings,3,Buffalo Sabres,0,,18601,150
1/22/2016,New York Rangers,4,Carolina Hurricanes,1,,14102,140
1/22/2016,St. Louis Blues,1,Colorado Avalanche,2,SO,16366,168
1/22/2016,Chicago Blackhawks,0,Florida Panthers,4,,19343,141
1/22/2016,New York Islanders,5,Ottawa Senators,2,,18305,146
1/23/2016,Los Angeles Kings,2,Arizona Coyotes,3,,14195,153
1/23/2016,Columbus Blue Jackets,2,Boston Bruins,3,SO,17565,164
1/23/2016,Colorado Avalanche,3,Dallas Stars,1,,18532,152
1/23/2016,Anaheim Ducks,4,Detroit Red Wings,3,,20027,153
1/23/2016,Nashville Predators,4,Edmonton Oilers,1,,16839,151
1/23/2016,Tampa Bay Lightning,2,Florida Panthers,5,,19626,150
1/23/2016,Vancouver Canucks,4,Pittsburgh Penguins,5,,18539,138
1/23/2016,Minnesota Wild,3,San Jose Sharks,4,,16956,158
1/23/2016,Montreal Canadiens,3,Toronto Maple Leafs,2,SO,19807,169
1/23/2016,New Jersey Devils,3,Winnipeg Jets,1,,15294,141
1/24/2016,Calgary Flames,2,Carolina Hurricanes,5,,9934,154
1/24/2016,St. Louis Blues,0,Chicago Blackhawks,2,,22138,141
1/24/2016,New York Rangers,0,Ottawa Senators,3,,18940,140
1/24/2016,Los Angeles Kings,3,San Jose Sharks,2,OT,17562,159
1/25/2016,Montreal Canadiens,2,Columbus Blue Jackets,5,,11927,150
1/25/2016,Calgary Flames,1,Dallas Stars,2,,18532,145
1/25/2016,Arizona Coyotes,2,Minnesota Wild,1,SO,19020,168
1/25/2016,Detroit Red Wings,4,New York Islanders,2,,12086,141
1/25/2016,Buffalo Sabres,3,New York Rangers,6,,18006,150
1/25/2016,Boston Bruins,3,Philadelphia Flyers,2,,19738,156
1/26/2016,Anaheim Ducks,6,Boston Bruins,2,,17565,160
1/26/2016,Chicago Blackhawks,0,Carolina Hurricanes,5,,14588,147
1/26/2016,Toronto Maple Leafs,1,Florida Panthers,5,,14585,151
1/26/2016,Columbus Blue Jackets,5,Montreal Canadiens,2,,21288,153
1/26/2016,Buffalo Sabres,3,Ottawa Senators,2,,16815,156
1/26/2016,New Jersey Devils,0,Pittsburgh Penguins,2,,18442,148
1/26/2016,Colorado Avalanche,1,San Jose Sharks,6,,17424,154
1/26/2016,Nashville Predators,2,Vancouver Canucks,1,,18570,137
1/26/2016,Arizona Coyotes,2,Winnipeg Jets,5,,15294,147
1/27/2016,Nashville Predators,2,Calgary Flames,1,,19289,150
1/27/2016,Colorado Avalanche,4,Los Angeles Kings,3,,18230,149
1/27/2016,Toronto Maple Leafs,0,Tampa Bay Lightning,1,,19092,150
1/27/2016,Philadelphia Flyers,4,Washington Capitals,3,OT,18506,158
2/2/2016,San Jose Sharks,2,Anaheim Ducks,3,,16588,147
2/2/2016,Los Angeles Kings,6,Arizona Coyotes,2,,12261,156
2/2/2016,Toronto Maple Leafs,4,Boston Bruins,3,OT,17565,161
2/2/2016,Chicago Blackhawks,2,Colorado Avalanche,1,,18007,146
2/2/2016,Columbus Blue Jackets,1,Edmonton Oilers,5,,16839,154
2/2/2016,New York Rangers,2,New Jersey Devils,3,,16514,149
2/2/2016,St. Louis Blues,1,Nashville Predators,0,,16045,142
2/2/2016,Minnesota Wild,3,New York Islanders,5,,13331,159
2/2/2016,Montreal Canadiens,2,Philadelphia Flyers,4,,19031,151
2/2/2016,Ottawa Senators,5,Pittsburgh Penguins,6,,18420,161
2/2/2016,Dallas Stars,5,Winnipeg Jets,3,,15294,144
2/2/2016,Florida Panthers,5,Washington Capitals,2,,18506,155
2/3/2016,Carolina Hurricanes,1,Calgary Flames,4,,18895,142
2/3/2016,Buffalo Sabres,4,Montreal Canadiens,2,,21288,151
2/3/2016,Detroit Red Wings,1,Tampa Bay Lightning,3,,19092,146
2/4/2016,Chicago Blackhawks,5,Arizona Coyotes,4,OT,17125,166
2/4/2016,Boston Bruins,3,Buffalo Sabres,2,SO,18845,159
2/4/2016,Dallas Stars,4,Colorado Avalanche,3,OT,14351,158
2/4/2016,Detroit Red Wings,3,Florida Panthers,6,,16991,152
2/4/2016,Anaheim Ducks,4,Los Angeles Kings,2,,18230,153
2/4/2016,Philadelphia Flyers,6,Nashville Predators,3,,17113,147
2/4/2016,Minnesota Wild,2,New York Rangers,4,,18006,145
2/4/2016,Edmonton Oilers,7,Ottawa Senators,2,,18564,158
2/4/2016,San Jose Sharks,3,St. Louis Blues,1,,18803,145
2/4/2016,New Jersey Devils,2,Toronto Maple Leafs,3,SO,18947,180
2/4/2016,Columbus Blue Jackets,2,Vancouver Canucks,1,SO,18199,154
2/4/2016,New York Islanders,2,Washington Capitals,3,,18506,143
2/5/2016,Arizona Coyotes,2,Anaheim Ducks,5,,17342,161
2/5/2016,Columbus Blue Jackets,2,Calgary Flames,1,,19289,149
2/5/2016,Pittsburgh Penguins,3,Tampa Bay Lightning,6,,19092,158
2/5/2016,Carolina Hurricanes,5,Winnipeg Jets,3,,15294,140
2/6/2016,Buffalo Sabres,1,Boston Bruins,2,OT,17565,160
2/6/2016,Winnipeg Jets,4,Colorado Avalanche,2,,14983,165
2/6/2016,Chicago Blackhawks,5,Dallas Stars,1,,18532,143
2/6/2016,New York Islanders,1,Detroit Red Wings,5,,20027,169
2/6/2016,Pittsburgh Penguins,3,Florida Panthers,2,OT,20295,158
2/6/2016,Edmonton Oilers,1,Montreal Canadiens,5,,21288,145
2/6/2016,Washington Capitals,3,New Jersey Devils,2,SO,16514,154
2/6/2016,San Jose Sharks,2,Nashville Predators,6,,17192,155
2/6/2016,Toronto Maple Leafs,1,Ottawa Senators,6,,19379,149
2/6/2016,New York Rangers,3,Philadelphia Flyers,2,SO,19819,155
2/6/2016,Minnesota Wild,1,St. Louis Blues,4,,19318,163
2/6/2016,Calgary Flames,4,Vancouver Canucks,1,,18570,139
2/7/2016,Carolina Hurricanes,1,Montreal Canadiens,2,SO,21288,177
2/7/2016,Edmonton Oilers,1,New York Islanders,8,,14030,155
2/7/2016,Philadelphia Flyers,2,Washington Capitals,3,,18506,156
2/8/2016,Florida Panthers,0,Detroit Red Wings,3,,20027,158
2/8/2016,New Jersey Devils,1,New York Rangers,2,,18006,149
2/8/2016,Tampa Bay Lightning,1,Ottawa Senators,5,,17078,145
2/8/2016,Anaheim Ducks,2,Pittsburgh Penguins,6,,18418,154
2/9/2016,Los Angeles Kings,9,Boston Bruins,2,,17565,155
2/9/2016,Florida Panthers,7,Buffalo Sabres,4,,18521,156
2/9/2016,New York Islanders,3,Columbus Blue Jackets,2,SO,14303,171
2/9/2016,Toronto Maple Leafs,3,Calgary Flames,4,,19289,157
2/9/2016,San Jose Sharks,2,Chicago Blackhawks,0,,21753,145
2/9/2016,Vancouver Canucks,3,Colorado Avalanche,1,,14436,142
2/9/2016,Dallas Stars,4,Minnesota Wild,3,OT,19087,160
2/9/2016,Tampa Bay Lightning,2,Montreal Canadiens,4,,21288,153
2/9/2016,Edmonton Oilers,1,New Jersey Devils,2,,16514,144
2/9/2016,Washington Capitals,5,Nashville Predators,3,,17113,153
2/9/2016,Anaheim Ducks,4,Philadelphia Flyers,1,,18717,157
2/9/2016,Winnipeg Jets,2,St. Louis Blues,1,SO,18323,161
2/10/2016,Vancouver Canucks,2,Arizona Coyotes,1,,12255,159
2/10/2016,Ottawa Senators,1,Detroit Red Wings,3,,20027,148
2/10/2016,New York Rangers,3,Pittsburgh Penguins,0,,18539,141
2/11/2016,Anaheim Ducks,3,Columbus Blue Jackets,4,SO,12117,154
2/11/2016,Dallas Stars,4,Chicago Blackhawks,2,,22051,147
2/11/2016,Toronto Maple Leafs,2,Edmonton Oilers,5,,16839,150
2/11/2016,Washington Capitals,4,Minnesota Wild,3,,19213,161
2/11/2016,Los Angeles Kings,2,New York Islanders,5,,13643,149
2/11/2016,Colorado Avalanche,4,Ottawa Senators,3,,17632,145
2/11/2016,Buffalo Sabres,1,Philadelphia Flyers,5,,19019,144
2/11/2016,Calgary Flames,6,San Jose Sharks,5,SO,16854,171
2/11/2016,Boston Bruins,6,Winnipeg Jets,2,,15294,154
2/12/2016,Calgary Flames,1,Arizona Coyotes,4,,13643,155
2/12/2016,Montreal Canadiens,4,Buffalo Sabres,6,,18505,151
2/12/2016,Pittsburgh Penguins,2,Carolina Hurricanes,1,SO,15783,152
2/12/2016,Colorado Avalanche,3,Detroit Red Wings,2,SO,20027,158
2/12/2016,St. Louis Blues,5,Florida Panthers,3,,13904,148
2/12/2016,Los Angeles Kings,5,New York Rangers,4,OT,,154
2/12/2016,Nashville Predators,3,Tampa Bay Lightning,4,OT,19092,152
2/13/2016,New York Islanders,3,Carolina Hurricanes,6,,16520,140
2/13/2016,Ottawa Senators,2,Columbus Blue Jackets,4,,16164,155
2/13/2016,Anaheim Ducks,3,Chicago Blackhawks,2,OT,22107,156
2/13/2016,Washington Capitals,3,Dallas Stars,4,,18532,144
2/13/2016,Winnipeg Jets,2,Edmonton Oilers,1,SO,16839,163
2/13/2016,Nashville Predators,5,Florida Panthers,0,,15591,152
2/13/2016,Boston Bruins,4,Minnesota Wild,2,,19191,146
2/13/2016,New Jersey Devils,2,Philadelphia Flyers,1,OT,19775,151
2/13/2016,Arizona Coyotes,1,San Jose Sharks,4,,17562,152
2/13/2016,Toronto Maple Leafs,5,Vancouver Canucks,2,,18570,150
2/14/2016,Colorado Avalanche,1,Buffalo Sabres,4,,19070,145
2/14/2016,Boston Bruins,5,Detroit Red Wings,6,,20027,153
2/14/2016,Los Angeles Kings,0,New Jersey Devils,1,,16514,144
2/14/2016,Philadelphia Flyers,1,New York Rangers,3,,18006,156
2/14/2016,St. Louis Blues,2,Tampa Bay Lightning,1,,19092,151
2/15/2016,Montreal Canadiens,2,Arizona Coyotes,6,,14338,136
2/15/2016,Anaheim Ducks,6,Calgary Flames,4,,19289,152
2/15/2016,Toronto Maple Leafs,2,Chicago Blackhawks,7,,21767,146
2/15/2016,Pittsburgh Penguins,1,Florida Panthers,2,SO,15595,165
2/15/2016,Dallas Stars,3,Nashville Predators,2,OT,17113,152
2/15/2016,Detroit Red Wings,1,New York Islanders,4,,15795,141
2/15/2016,Minnesota Wild,5,Vancouver Canucks,2,,18437,152
2/16/2016,Winnipeg Jets,1,Carolina Hurricanes,2,,10489,138
2/16/2016,Boston Bruins,2,Columbus Blue Jackets,1,OT,13140,155
2/16/2016,Anaheim Ducks,5,Edmonton Oilers,3,,16839,163
2/16/2016,Philadelphia Flyers,6,New Jersey Devils,3,,15482,159
2/16/2016,Buffalo Sabres,1,Ottawa Senators,2,SO,15893,156
2/16/2016,Dallas Stars,1,St. Louis Blues,2,OT,18156,155
2/16/2016,San Jose Sharks,4,Tampa Bay Lightning,2,,19092,142
2/16/2016,Los Angeles Kings,1,Washington Capitals,3,,18506,152
2/17/2016,Minnesota Wild,5,Calgary Flames,3,,19289,148
2/17/2016,Montreal Canadiens,2,Colorado Avalanche,3,,16271,147
2/17/2016,Chicago Blackhawks,5,New York Rangers,3,,18006,147
2/18/2016,Dallas Stars,3,Arizona Coyotes,6,,11853,155
2/18/2016,Minnesota Wild,5,Edmonton Oilers,2,,16839,145
2/18/2016,San Jose Sharks,2,Florida Panthers,1,SO,13019,157
2/18/2016,Boston Bruins,0,Nashville Predators,2,,17113,155
2/18/2016,Washington Capitals,3,New York Islanders,2,OT,15795,164
2/18/2016,Carolina Hurricanes,2,Ottawa Senators,4,,16994,150
2/18/2016,Detroit Red Wings,3,Pittsburgh Penguins,6,,18584,150
2/18/2016,Los Angeles Kings,1,St. Louis Blues,2,OT,18923,162
2/18/2016,Winnipeg Jets,5,Tampa Bay Lightning,6,SO,19092,167
2/18/2016,New York Rangers,4,Toronto Maple Leafs,2,,18952,156
2/18/2016,Anaheim Ducks,5,Vancouver Canucks,2,,18435,150
2/19/2016,San Jose Sharks,2,Carolina Hurricanes,5,,11756,141
2/19/2016,Buffalo Sabres,4,Columbus Blue Jackets,0,,14923,147
2/19/2016,Vancouver Canucks,2,Calgary Flames,5,,19289,147
2/19/2016,Philadelphia Flyers,2,Montreal Canadiens,3,SO,21288,170
2/19/2016,New York Islanders,1,New Jersey Devils,0,,16514,137
2/20/2016,St. Louis Blues,6,Arizona Coyotes,4,,15839,149
2/20/2016,Boston Bruins,7,Dallas Stars,3,,18532,178
2/20/2016,Colorado Avalanche,3,Edmonton Oilers,2,,16939,149
2/20/2016,Winnipeg Jets,1,Florida Panthers,3,,16210,147
2/20/2016,Los Angeles Kings,2,Nashville Predators,1,OT,17369,155
2/20/2016,Detroit Red Wings,2,Ottawa Senators,3,SO,18930,164
2/20/2016,Tampa Bay Lightning,4,Pittsburgh Penguins,2,,18643,154
2/20/2016,Philadelphia Flyers,5,Toronto Maple Leafs,4,OT,19060,167
2/20/2016,New Jersey Devils,3,Washington Capitals,4,,18506,146
2/21/2016,Calgary Flames,2,Anaheim Ducks,5,,17174,151
2/21/2016,Pittsburgh Penguins,4,Buffalo Sabres,3,,19070,156
2/21/2016,Tampa Bay Lightning,4,Carolina Hurricanes,2,,10422,140
2/21/2016,Chicago Blackhawks,1,Minnesota Wild,6,,32767,163
2/21/2016,Detroit Red Wings,0,New York Rangers,1,OT,18006,156
2/21/2016,Colorado Avalanche,1,Vancouver Canucks,5,,18431,148
2/22/2016,Columbus Blue Jackets,6,Boston Bruins,4,,17565,157
2/22/2016,Nashville Predators,2,Montreal Canadiens,1,SO,21288,163
2/22/2016,San Jose Sharks,6,St. Louis Blues,3,,19371,152
2/22/2016,Arizona Coyotes,2,Washington Capitals,3,,18506,158
2/23/2016,Philadelphia Flyers,1,Carolina Hurricanes,3,,10896,143
2/23/2016,Columbus Blue Jackets,1,Detroit Red Wings,2,SO,20027,152
2/23/2016,Ottawa Senators,4,Edmonton Oilers,1,,16839,140
2/23/2016,Calgary Flames,1,Los Angeles Kings,2,,18230,158
2/23/2016,New York Islanders,4,Minnesota Wild,1,,19085,153
2/23/2016,New York Rangers,2,New Jersey Devils,5,,16514,152
2/23/2016,Arizona Coyotes,1,Tampa Bay Lightning,2,,19092,157
2/23/2016,Nashville Predators,3,Toronto Maple Leafs,2,,18844,150
2/23/2016,Dallas Stars,5,Winnipeg Jets,3,,15294,152
2/24/2016,Buffalo Sabres,0,Anaheim Ducks,1,,16543,153
2/24/2016,Pittsburgh Penguins,1,Boston Bruins,5,,17565,146
2/24/2016,San Jose Sharks,3,Colorado Avalanche,4,SO,15564,155
2/24/2016,Montreal Canadiens,4,Washington Capitals,3,,18506,163
2/25/2016,New Jersey Devils,1,Columbus Blue Jackets,6,,12590,143
2/25/2016,New York Islanders,2,Calgary Flames,1,OT,19289,154
2/25/2016,Nashville Predators,3,Chicago Blackhawks,1,,22058,142
2/25/2016,Winnipeg Jets,6,Dallas Stars,3,,18532,151
2/25/2016,Arizona Coyotes,2,Florida Panthers,3,,13134,155
2/25/2016,Edmonton Oilers,1,Los Angeles Kings,2,,18230,159
2/25/2016,Minnesota Wild,2,Philadelphia Flyers,3,,18631,149
2/25/2016,New York Rangers,2,St. Louis Blues,1,,17524,142
2/25/2016,Carolina Hurricanes,1,Toronto Maple Leafs,3,,18862,160
2/25/2016,Ottawa Senators,3,Vancouver Canucks,5,,18570,149
2/26/2016,Edmonton Oilers,1,Anaheim Ducks,2,OT,17174,138
2/26/2016,Boston Bruins,4,Carolina Hurricanes,1,,17917,147
2/26/2016,Tampa Bay Lightning,4,New Jersey Devils,0,,15968,153
2/26/2016,Buffalo Sabres,3,San Jose Sharks,1,,17562,137
2/26/2016,Minnesota Wild,2,Washington Capitals,3,,18605,141
2/27/2016,Florida Panthers,3,Columbus Blue Jackets,4,SO,15400,175
2/27/2016,Ottawa Senators,6,Calgary Flames,4,,19289,156
2/27/2016,Detroit Red Wings,5,Colorado Avalanche,3,,32767,159
2/27/2016,New York Rangers,3,Dallas Stars,2,,18532,157
2/27/2016,Buffalo Sabres,0,Los Angeles Kings,2,,18230,148
2/27/2016,Toronto Maple Leafs,1,Montreal Canadiens,4,,21288,160
2/27/2016,St. Louis Blues,0,Nashville Predators,5,,17379,154
2/27/2016,Arizona Coyotes,2,Philadelphia Flyers,4,,19773,150
2/27/2016,Winnipeg Jets,1,Pittsburgh Penguins,4,,18650,143
2/28/2016,Los Angeles Kings,2,Anaheim Ducks,4,,17174,164
2/28/2016,Tampa Bay Lightning,4,Boston Bruins,1,,17565,151
2/28/2016,St. Louis Blues,5,Carolina Hurricanes,2,,15128,150
2/28/2016,Washington Capitals,2,Chicago Blackhawks,3,,22218,144
2/28/2016,New York Islanders,1,Edmonton Oilers,3,,16839,143
2/28/2016,Florida Panthers,1,Minnesota Wild,3,,19093,157
2/28/2016,San Jose Sharks,4,Vancouver Canucks,1,,18570,139
2/29/2016,Detroit Red Wings,3,Dallas Stars,2,OT,18532,160
2/29/2016,Columbus Blue Jackets,1,New York Rangers,2,,18006,146
2/29/2016,Calgary Flames,3,Philadelphia Flyers,5,,19065,157
2/29/2016,Arizona Coyotes,0,Pittsburgh Penguins,6,,18435,149
2/29/2016,Montreal Canadiens,2,San Jose Sharks,6,,16205,148
2/29/2016,Tampa Bay Lightning,2,Toronto Maple Leafs,1,,18933,148
3/1/2016,Calgary Flames,1,Boston Bruins,2,,17565,148
3/1/2016,Edmonton Oilers,2,Buffalo Sabres,1,OT,19070,160
3/1/2016,Colorado Avalanche,3,Minnesota Wild,6,,19107,143
3/1/2016,Carolina Hurricanes,3,New Jersey Devils,1,,14251,146
3/1/2016,Dallas Stars,3,Nashville Predators,5,,17113,165
3/1/2016,St. Louis Blues,4,Ottawa Senators,3,SO,17207,171
3/1/2016,New York Islanders,3,Vancouver Canucks,2,,18264,149
3/1/2016,Florida Panthers,3,Winnipeg Jets,2,,15294,141
3/1/2016,Pittsburgh Penguins,2,Washington Capitals,3,,18506,150
3/2/2016,Montreal Canadiens,2,Anaheim Ducks,3,SO,15273,167
3/2/2016,Chicago Blackhawks,5,Detroit Red Wings,2,,20027,148
3/2/2016,Toronto Maple Leafs,2,Washington Capitals,3,,18506,152
3/3/2016,Anaheim Ducks,5,Arizona Coyotes,1,,11999,151
3/3/2016,Chicago Blackhawks,2,Boston Bruins,4,,17565,145
3/3/2016,Calgary Flames,3,Buffalo Sabres,6,,18651,151
3/3/2016,Florida Panthers,2,Colorado Avalanche,3,,16194,144
3/3/2016,Montreal Canadiens,2,Los Angeles Kings,3,,18230,145
3/3/2016,New Jersey Devils,5,Nashville Predators,4,OT,17113,170
3/3/2016,Tampa Bay Lightning,4,Ottawa Senators,1,,17943,147
3/3/2016,Edmonton Oilers,4,Philadelphia Flyers,0,,18636,152
3/3/2016,New York Rangers,1,Pittsburgh Penguins,4,,18492,142
3/3/2016,Minnesota Wild,2,Toronto Maple Leafs,1,,18915,147
3/3/2016,San Jose Sharks,3,Vancouver Canucks,2,,18422,144
3/3/2016,New York Islanders,4,Winnipeg Jets,3,OT,15294,152
3/4/2016,Edmonton Oilers,3,Columbus Blue Jackets,6,,15010,158
3/4/2016,New Jersey Devils,2,Dallas Stars,4,,18117,151
3/4/2016,New York Rangers,3,Washington Capitals,2,,18506,157
3/5/2016,Florida Panthers,1,Arizona Coyotes,5,,14825,151
3/5/2016,Washington Capitals,2,Boston Bruins,1,OT,17565,160
3/5/2016,Minnesota Wild,3,Buffalo Sabres,2,SO,19070,167
3/5/2016,Nashville Predators,5,Colorado Avalanche,2,,17165,152
3/5/2016,Anaheim Ducks,3,Los Angeles Kings,2,,18230,156
3/5/2016,Columbus Blue Jackets,0,Philadelphia Flyers,6,,19645,143
3/5/2016,Calgary Flames,4,Pittsburgh Penguins,2,,18663,146
3/5/2016,Vancouver Canucks,4,San Jose Sharks,2,,17562,156
3/5/2016,Carolina Hurricanes,3,Tampa Bay Lightning,4,OT,19092,151
3/5/2016,Ottawa Senators,3,Toronto Maple Leafs,2,,19339,152
3/5/2016,Montreal Canadiens,2,Winnipeg Jets,4,,15294,140
3/6/2016,Detroit Red Wings,1,Chicago Blackhawks,4,,22247,144
3/6/2016,St. Louis Blues,4,Minnesota Wild,2,,19040,155
3/6/2016,Pittsburgh Penguins,6,New Jersey Devils,1,,15856,147
3/6/2016,New York Islanders,6,New York Rangers,4,,18006,148
3/6/2016,Dallas Stars,2,Ottawa Senators,1,,19419,153
3/6/2016,Edmonton Oilers,2,Winnipeg Jets,1,,15294,141
3/7/2016,Washington Capitals,2,Anaheim Ducks,1,SO,17174,158
3/7/2016,San Jose Sharks,2,Calgary Flames,1,OT,18740,146
3/7/2016,Arizona Coyotes,1,Colorado Avalanche,3,,15393,149
3/7/2016,Boston Bruins,5,Florida Panthers,4,OT,19194,180
3/7/2016,Vancouver Canucks,1,Los Angeles Kings,5,,18230,141
3/7/2016,Tampa Bay Lightning,2,Philadelphia Flyers,4,,17906,150
3/7/2016,Buffalo Sabres,4,Toronto Maple Leafs,3,SO,18950,170
3/8/2016,New York Rangers,4,Buffalo Sabres,2,,18651,147
3/8/2016,Ottawa Senators,3,Carolina Hurricanes,4,SO,10743,157
3/8/2016,Detroit Red Wings,3,Columbus Blue Jackets,5,,14426,154
3/8/2016,San Jose Sharks,3,Edmonton Oilers,0,,16839,142
3/8/2016,Dallas Stars,3,Montreal Canadiens,4,OT,21288,158
3/8/2016,Pittsburgh Penguins,1,New York Islanders,2,,14724,154
3/8/2016,Boston Bruins,1,Tampa Bay Lightning,0,OT,19092,146
3/8/2016,Nashville Predators,4,Winnipeg Jets,2,,15294,150
3/9/2016,Nashville Predators,2,Calgary Flames,3,OT,19289,149
3/9/2016,Anaheim Ducks,0,Colorado Avalanche,3,,14292,145
3/9/2016,Washington Capitals,3,Los Angeles Kings,4,OT,18324,158
3/9/2016,Chicago Blackhawks,2,St. Louis Blues,3,SO,19756,172
3/9/2016,New York Islanders,3,Toronto Maple Leafs,4,SO,18889,169
3/9/2016,Arizona Coyotes,2,Vancouver Canucks,3,OT,18374,153
3/10/2016,Carolina Hurricanes,3,Boston Bruins,2,OT,17565,154
3/10/2016,Winnipeg Jets,2,Detroit Red Wings,3,,20027,149
3/10/2016,Ottawa Senators,2,Florida Panthers,6,,15051,153
3/10/2016,Edmonton Oilers,2,Minnesota Wild,1,,19058,143
3/10/2016,Buffalo Sabres,2,Montreal Canadiens,3,,21288,174
3/10/2016,New Jersey Devils,3,San Jose Sharks,0,,16234,142
3/11/2016,Pittsburgh Penguins,3,Columbus Blue Jackets,2,,18205,151
3/11/2016,Arizona Coyotes,4,Calgary Flames,1,,19289,146
3/11/2016,Chicago Blackhawks,2,Dallas Stars,5,,18532,153
3/11/2016,Anaheim Ducks,2,St. Louis Blues,5,,19412,148
3/11/2016,Philadelphia Flyers,3,Tampa Bay Lightning,1,,19092,140
3/12/2016,New York Islanders,1,Boston Bruins,3,,17565,147
3/12/2016,Carolina Hurricanes,2,Buffalo Sabres,3,OT,19070,155
3/12/2016,St. Louis Blues,5,Dallas Stars,4,OT,18532,155
3/12/2016,New York Rangers,2,Detroit Red Wings,3,OT,20027,157
3/12/2016,Arizona Coyotes,4,Edmonton Oilers,0,,16839,149
3/12/2016,Philadelphia Flyers,4,Florida Panthers,5,SO,19404,170
3/12/2016,New Jersey Devils,2,Los Angeles Kings,1,OT,18412,150
3/12/2016,Minnesota Wild,4,Montreal Canadiens,1,,21288,148
3/12/2016,Toronto Maple Leafs,0,Ottawa Senators,4,,18557,147
3/12/2016,Washington Capitals,2,San Jose Sharks,5,,17562,146
3/12/2016,Nashville Predators,2,Vancouver Canucks,4,,18570,144
3/12/2016,Colorado Avalanche,2,Winnipeg Jets,3,,15294,149
3/13/2016,Tampa Bay Lightning,4,Columbus Blue Jackets,0,,14701,146
3/13/2016,Toronto Maple Leafs,1,Detroit Red Wings,0,,20027,160
3/13/2016,Pittsburgh Penguins,5,New York Rangers,3,,18006,145
3/14/2016,New Jersey Devils,1,Anaheim Ducks,7,,15423,153
3/14/2016,St. Louis Blues,4,Calgary Flames,7,,19107,163
3/14/2016,Los Angeles Kings,5,Chicago Blackhawks,0,,22170,152
3/14/2016,Nashville Predators,3,Edmonton Oilers,2,,16839,153
3/14/2016,Florida Panthers,2,New York Islanders,3,,14106,138
3/14/2016,Winnipeg Jets,5,Vancouver Canucks,2,,18361,134
3/15/2016,Los Angeles Kings,5,Dallas Stars,2,,18532,147
3/15/2016,Florida Panthers,4,Montreal Canadiens,1,,21288,151
3/15/2016,Minnesota Wild,2,Ottawa Senators,3,OT,18966,154
3/15/2016,Detroit Red Wings,3,Philadelphia Flyers,4,,19806,163
3/15/2016,New York Islanders,1,Pittsburgh Penguins,2,SO,18456,161
3/15/2016,Boston Bruins,2,San Jose Sharks,3,,16624,150
3/15/2016,Tampa Bay Lightning,1,Toronto Maple Leafs,4,,18874,147
3/15/2016,Carolina Hurricanes,1,Washington Capitals,2,OT,18506,142
3/16/2016,New York Rangers,2,Anaheim Ducks,1,,15400,149
3/16/2016,Montreal Canadiens,3,Buffalo Sabres,2,OT,18815,178
3/16/2016,Winnipeg Jets,1,Calgary Flames,4,,18929,151
3/16/2016,Philadelphia Flyers,3,Chicago Blackhawks,2,,22113,140
3/16/2016,St. Louis Blues,4,Edmonton Oilers,6,,16839,159
3/16/2016,Colorado Avalanche,3,Vancouver Canucks,1,,18426,140
3/17/2016,San Jose Sharks,1,Arizona Coyotes,3,,13005,148
3/17/2016,Detroit Red Wings,3,Columbus Blue Jackets,1,,14415,149
3/17/2016,Tampa Bay Lightning,3,Dallas Stars,4,,18532,150
3/17/2016,New York Rangers,3,Los Angeles Kings,4,OT,18230,156
3/17/2016,Minnesota Wild,4,New Jersey Devils,7,,15114,152
3/17/2016,New York Islanders,2,Nashville Predators,4,,17113,146
3/17/2016,Carolina Hurricanes,2,Pittsburgh Penguins,4,,18455,151
3/17/2016,Florida Panthers,4,Toronto Maple Leafs,1,,18922,152
3/18/2016,Boston Bruins,0,Anaheim Ducks,4,,16707,140
3/18/2016,Ottawa Senators,1,Buffalo Sabres,3,,19070,155
3/18/2016,Colorado Avalanche,4,Calgary Flames,3,SO,19289,163
3/18/2016,Vancouver Canucks,0,Edmonton Oilers,2,,16839,149
3/18/2016,Chicago Blackhawks,4,Winnipeg Jets,0,,15294,143
3/18/2016,Nashville Predators,1,Washington Capitals,4,,18506,148
3/19/2016,Tampa Bay Lightning,2,Arizona Coyotes,0,,14183,155
3/19/2016,New Jersey Devils,3,Columbus Blue Jackets,6,,14447,156
3/19/2016,New York Islanders,0,Dallas Stars,3,,18532,141
3/19/2016,Detroit Red Wings,5,Florida Panthers,3,,20817,158
3/19/2016,Boston Bruins,1,Los Angeles Kings,2,,18373,146
3/19/2016,Carolina Hurricanes,2,Minnesota Wild,3,SO,19044,158
3/19/2016,Montreal Canadiens,0,Ottawa Senators,5,,19722,147
3/19/2016,Pittsburgh Penguins,4,Philadelphia Flyers,1,,19967,159
3/19/2016,New York Rangers,1,San Jose Sharks,4,,16888,150
3/19/2016,Buffalo Sabres,1,Toronto Maple Leafs,4,,18829,150
3/19/2016,St. Louis Blues,3,Vancouver Canucks,0,,18402,149
3/20/2016,Minnesota Wild,3,Chicago Blackhawks,2,SO,22059,170
3/20/2016,Colorado Avalanche,3,Edmonton Oilers,2,,16839,147
3/20/2016,Calgary Flames,4,Montreal Canadiens,1,,21288,145
3/20/2016,Columbus Blue Jackets,1,New Jersey Devils,2,,15146,146
3/20/2016,Washington Capitals,2,Pittsburgh Penguins,6,,18656,161
3/20/2016,Arizona Coyotes,0,San Jose Sharks,3,,15756,149
3/20/2016,Anaheim Ducks,3,Winnipeg Jets,2,OT,15294,160
3/21/2016,Los Angeles Kings,2,Nashville Predators,5,,17113,150
3/21/2016,Philadelphia Flyers,4,New York Islanders,1,,14329,143
3/21/2016,Florida Panthers,2,New York Rangers,4,,18006,156
3/21/2016,Calgary Flames,2,Toronto Maple Leafs,5,,19069,152
3/22/2016,Edmonton Oilers,2,Arizona Coyotes,4,,13408,145
3/22/2016,Buffalo Sabres,3,Carolina Hurricanes,2,,12676,150
3/22/2016,Philadelphia Flyers,2,Columbus Blue Jackets,3,SO,16230,177
3/22/2016,Dallas Stars,6,Chicago Blackhawks,2,,22034,147
3/22/2016,Los Angeles Kings,1,Minnesota Wild,2,,19018,152
3/22/2016,Anaheim Ducks,3,Montreal Canadiens,4,,21288,148
3/22/2016,Washington Capitals,4,Ottawa Senators,2,,19313,148
3/22/2016,St. Louis Blues,1,San Jose Sharks,0,,15411,148
3/22/2016,Detroit Red Wings,2,Tampa Bay Lightning,6,,19092,149
3/22/2016,Vancouver Canucks,0,Winnipeg Jets,2,,15294,137
3/23/2016,Ottawa Senators,1,New York Islanders,3,,13837,147
3/23/2016,Boston Bruins,2,New York Rangers,5,,18006,161
3/24/2016,Dallas Stars,1,Arizona Coyotes,3,,11887,148
3/24/2016,Florida Panthers,4,Boston Bruins,1,,17565,165
3/24/2016,Carolina Hurricanes,3,Columbus Blue Jackets,2,,16031,154
3/24/2016,Philadelphia Flyers,4,Colorado Avalanche,2,,18087,148
3/24/2016,Montreal Canadiens,3,Detroit Red Wings,4,,20027,157
3/24/2016,Calgary Flames,2,Minnesota Wild,6,,19032,154
3/24/2016,Vancouver Canucks,2,Nashville Predators,3,SO,17113,155
3/24/2016,New Jersey Devils,3,Pittsburgh Penguins,0,,18610,141
3/24/2016,Edmonton Oilers,6,San Jose Sharks,3,,16570,148
3/24/2016,Anaheim Ducks,5,Toronto Maple Leafs,6,OT,18935,158
3/24/2016,Los Angeles Kings,1,Winnipeg Jets,4,,15294,143
3/25/2016,Washington Capitals,1,New Jersey Devils,0,OT,16514,147
3/25/2016,Vancouver Canucks,0,St. Louis Blues,4,,19580,143
3/25/2016,New York Islanders,4,Tampa Bay Lightning,7,,19092,157
3/26/2016,Philadelphia Flyers,1,Arizona Coyotes,2,,16002,164
3/26/2016,Winnipeg Jets,2,Buffalo Sabres,3,,19070,144
3/26/2016,New York Islanders,4,Carolina Hurricanes,3,OT,11636,149
3/26/2016,Chicago Blackhawks,4,Calgary Flames,1,,19289,143
3/26/2016,Minnesota Wild,4,Colorado Avalanche,0,,18007,151
3/26/2016,Pittsburgh Penguins,7,Detroit Red Wings,2,,20027,156
3/26/2016,Edmonton Oilers,4,Los Angeles Kings,6,,18230,152
3/26/2016,New York Rangers,5,Montreal Canadiens,2,,21288,142
3/26/2016,Columbus Blue Jackets,1,Nashville Predators,5,,17113,144
3/26/2016,Anaheim Ducks,4,Ottawa Senators,3,OT,18162,149
3/26/2016,Dallas Stars,4,San Jose Sharks,2,,16439,155
3/26/2016,Florida Panthers,5,Tampa Bay Lightning,2,,19092,148
3/26/2016,Boston Bruins,3,Toronto Maple Leafs,1,,19185,158
3/26/2016,St. Louis Blues,4,Washington Capitals,0,,18506,141
3/27/2016,New Jersey Devils,2,Carolina Hurricanes,3,,12792,143
3/27/2016,Pittsburgh Penguins,3,New York Rangers,2,OT,18006,162
3/27/2016,Chicago Blackhawks,3,Vancouver Canucks,2,,18570,146
3/28/2016,Calgary Flames,5,Arizona Coyotes,2,,14347,150
3/28/2016,Buffalo Sabres,2,Detroit Red Wings,3,,20027,150
3/28/2016,Anaheim Ducks,2,Edmonton Oilers,1,,16839,147
3/28/2016,Colorado Avalanche,4,Nashville Predators,3,,16443,154
3/28/2016,Winnipeg Jets,2,Philadelphia Flyers,3,OT,19100,156
3/28/2016,Los Angeles Kings,2,San Jose Sharks,5,,17066,149
3/28/2016,Toronto Maple Leafs,0,Tampa Bay Lightning,3,,19092,151
3/28/2016,Columbus Blue Jackets,1,Washington Capitals,4,,18506,146
3/29/2016,Nashville Predators,2,Dallas Stars,5,,18265,156
3/29/2016,Toronto Maple Leafs,5,Florida Panthers,2,,16724,145
3/29/2016,Chicago Blackhawks,1,Minnesota Wild,4,,19190,139
3/29/2016,Detroit Red Wings,3,Montreal Canadiens,4,,21288,159
3/29/2016,Boston Bruins,1,New Jersey Devils,2,,15486,147
3/29/2016,Carolina Hurricanes,1,New York Islanders,2,SO,13733,155
3/29/2016,Buffalo Sabres,4,Pittsburgh Penguins,5,SO,18513,168
3/29/2016,Colorado Avalanche,1,St. Louis Blues,3,,19263,147
3/29/2016,San Jose Sharks,4,Vancouver Canucks,1,,18315,150
3/30/2016,Calgary Flames,3,Anaheim Ducks,8,,16004,152
3/30/2016,Washington Capitals,1,Philadelphia Flyers,2,SO,19850,170
3/30/2016,Ottawa Senators,2,Winnipeg Jets,1,,15294,138
3/31/2016,Toronto Maple Leafs,1,Buffalo Sabres,4,,18873,160
3/31/2016,New York Rangers,3,Carolina Hurricanes,4,,16336,151
3/31/2016,Arizona Coyotes,1,Dallas Stars,4,,18532,148
3/31/2016,New Jersey Devils,2,Florida Panthers,3,,15803,154
3/31/2016,Calgary Flames,0,Los Angeles Kings,3,,18417,141
3/31/2016,Ottawa Senators,3,Minnesota Wild,2,,19032,140
3/31/2016,Columbus Blue Jackets,3,New York Islanders,4,,13857,150
3/31/2016,Nashville Predators,2,Pittsburgh Penguins,5,,18560,146
3/31/2016,Vancouver Canucks,4,San Jose Sharks,2,,15689,148
3/31/2016,Montreal Canadiens,3,Tampa Bay Lightning,0,,19092,149
4/1/2016,Vancouver Canucks,3,Anaheim Ducks,2,,16331,149
4/1/2016,Washington Capitals,4,Colorado Avalanche,2,,18049,144
4/1/2016,Minnesota Wild,2,Detroit Red Wings,3,,20027,145
4/1/2016,Boston Bruins,6,St. Louis Blues,5,,19202,160
4/1/2016,Chicago Blackhawks,5,Winnipeg Jets,4,OT,15294,158
4/2/2016,Washington Capitals,0,Arizona Coyotes,3,,17125,138
4/2/2016,Columbus Blue Jackets,5,Carolina Hurricanes,1,,11542,146
4/2/2016,Calgary Flames,5,Edmonton Oilers,0,,16839,145
4/2/2016,Montreal Canadiens,3,Florida Panthers,4,,17427,158
4/2/2016,Dallas Stars,3,Los Angeles Kings,2,,18230,172
4/2/2016,San Jose Sharks,3,Nashville Predators,2,SO,17113,160
4/2/2016,Pittsburgh Penguins,5,New York Islanders,0,,15795,156
4/2/2016,Buffalo Sabres,4,New York Rangers,3,,18006,151
4/2/2016,Ottawa Senators,2,Philadelphia Flyers,3,,19578,143
4/2/2016,New Jersey Devils,1,Tampa Bay Lightning,3,,19092,155
4/2/2016,Detroit Red Wings,3,Toronto Maple Leafs,2,,19371,150
4/3/2016,Dallas Stars,1,Anaheim Ducks,3,,16585,144
4/3/2016,Boston Bruins,4,Chicago Blackhawks,6,,22156,151
4/3/2016,St. Louis Blues,5,Colorado Avalanche,1,,15485,154
4/3/2016,Philadelphia Flyers,2,Pittsburgh Penguins,6,,18673,157
4/3/2016,Minnesota Wild,1,Winnipeg Jets,5,,15294,145
4/4/2016,New York Rangers,4,Columbus Blue Jackets,2,,15951,149
4/4/2016,Tampa Bay Lightning,2,New York Islanders,5,,13106,145
4/4/2016,Arizona Coyotes,2,St. Louis Blues,5,,19465,150
4/4/2016,Florida Panthers,4,Toronto Maple Leafs,3,,18846,170
4/4/2016,Los Angeles Kings,2,Vancouver Canucks,3,,18415,144
4/5/2016,Winnipeg Jets,2,Anaheim Ducks,1,OT,16743,152
4/5/2016,Carolina Hurricanes,2,Boston Bruins,1,SO,17565,160
4/5/2016,Los Angeles Kings,5,Calgary Flames,4,OT,18438,153
4/5/2016,Arizona Coyotes,2,Chicago Blackhawks,6,,21884,142
4/5/2016,San Jose Sharks,3,Minnesota Wild,0,,19061,141
4/5/2016,Florida Panthers,4,Montreal Canadiens,1,,21288,142
4/5/2016,Buffalo Sabres,3,New Jersey Devils,1,,14773,144
4/5/2016,Colorado Avalanche,3,Nashville Predators,4,,17113,155
4/5/2016,Tampa Bay Lightning,2,New York Rangers,3,,18006,150
4/5/2016,Pittsburgh Penguins,5,Ottawa Senators,3,,19284,148
4/5/2016,New York Islanders,4,Washington Capitals,3,OT,18506,153
4/6/2016,Philadelphia Flyers,0,Detroit Red Wings,3,,20027,164
4/6/2016,Vancouver Canucks,2,Edmonton Oilers,6,,16839,151
4/6/2016,Columbus Blue Jackets,5,Toronto Maple Leafs,1,,18837,143
4/7/2016,Detroit Red Wings,2,Boston Bruins,5,,17565,148
4/7/2016,Montreal Canadiens,4,Carolina Hurricanes,2,,15120,147
4/7/2016,Vancouver Canucks,3,Calgary Flames,7,,19289,143
4/7/2016,St. Louis Blues,2,Chicago Blackhawks,1,OT,22075,151
4/7/2016,Colorado Avalanche,2,Dallas Stars,4,,18532,147
4/7/2016,Anaheim Ducks,1,Los Angeles Kings,2,,18511,159
4/7/2016,Tampa Bay Lightning,4,New Jersey Devils,2,,15536,144
4/7/2016,Arizona Coyotes,2,Nashville Predators,3,OT,17113,152
4/7/2016,New York Islanders,4,New York Rangers,1,,18006,140
4/7/2016,Florida Panthers,1,Ottawa Senators,3,,19165,146
4/7/2016,Toronto Maple Leafs,4,Philadelphia Flyers,3,OT,19674,162
4/7/2016,Winnipeg Jets,5,San Jose Sharks,4,,15900,146
4/7/2016,Pittsburgh Penguins,4,Washington Capitals,3,OT,18506,157
4/8/2016,Columbus Blue Jackets,4,Buffalo Sabres,1,,19070,140
4/9/2016,Ottawa Senators,6,Boston Bruins,1,,17565,157
4/9/2016,Chicago Blackhawks,4,Columbus Blue Jackets,5,OT,19177,151
4/9/2016,Anaheim Ducks,5,Colorado Avalanche,3,,17932,147
4/9/2016,Nashville Predators,2,Dallas Stars,3,,18532,149
4/9/2016,Carolina Hurricanes,2,Florida Panthers,5,,18434,144
4/9/2016,Winnipeg Jets,4,Los Angeles Kings,3,SO,18449,166
4/9/2016,Calgary Flames,2,Minnesota Wild,1,,19247,146
4/9/2016,Tampa Bay Lightning,2,Montreal Canadiens,5,,21288,155
4/9/2016,Toronto Maple Leafs,1,New Jersey Devils,5,,16514,139
4/9/2016,Buffalo Sabres,4,New York Islanders,3,OT,14811,149
4/9/2016,Detroit Red Wings,2,New York Rangers,3,,18006,151
4/9/2016,Pittsburgh Penguins,1,Philadelphia Flyers,3,,19919,155
4/9/2016,Arizona Coyotes,0,San Jose Sharks,1,,17562,139
4/9/2016,Washington Capitals,5,St. Louis Blues,1,,19610,143
4/9/2016,Edmonton Oilers,3,Vancouver Canucks,4,SO,18570,172
4/10/2016,Philadelphia Flyers,5,New York Islanders,2,,14244,138
4/10/2016,Anaheim Ducks,2,Washington Capitals,0,,18506,142
